user_id,loyalty_score,expected_basket_items,price_elasticity,segment,segment_desc
U0001,0.989,3.01,0.06,1,"S1: loyalty~0.95, basket~3.00, elast~0.20"
U0002,0.928,2.98,0.18,4,"S4: loyalty~0.91, basket~2.98, elast~0.31"
U0003,0.894,3.0,0.44,4,"S4: loyalty~0.91, basket~2.98, elast~0.31"
U0004,0.988,3.01,-0.31,2,"S2: loyalty~0.95, basket~3.00, elast~-0.27"
U0005,0.909,3.0,0.11,1,"S1: loyalty~0.95, basket~3.00, elast~0.20"
U0006,0.989,3.0,-0.48,2,"S2: loyalty~0.95, basket~3.00, elast~-0.27"
U0007,0.933,3.0,-0.09,2,"S2: loyalty~0.95, basket~3.00, elast~-0.27"
U0008,0.971,3.01,-0.11,2,"S2: loyalty~0.95, basket~3.00, elast~-0.27"
U0009,0.929,2.99,-0.15,3,"S3: loyalty~0.92, basket~2.98, elast~-0.14"
U0010,0.907,2.98,0.51,4,"S4: loyalty~0.91, basket~2.98, elast~0.31"
U0011,0.954,2.99,0.22,1,"S1: loyalty~0.95, basket~3.00, elast~0.20"
U0012,0.937,3.0,0.14,1,"S1: loyalty~0.95, basket~3.00, elast~0.20"
U0013,0.949,2.98,-0.35,3,"S3: loyalty~0.92, basket~2.98, elast~-0.14"
U0014,0.934,3.01,-0.21,2,"S2: loyalty~0.95, basket~3.00, elast~-0.27"
U0015,0.894,2.99,-0.07,3,"S3: loyalty~0.92, basket~2.98, elast~-0.14"
U0016,0.926,3.0,0.07,1,"S1: loyalty~0.95, basket~3.00, elast~0.20"
U0017,0.914,2.98,0.23,4,"S4: loyalty~0.91, basket~2.98, elast~0.31"
U0018,0.902,2.98,0.47,4,"S4: loyalty~0.91, basket~2.98, elast~0.31"
U0019,0.89,2.98,0.09,0,"S0: loyalty~0.87, basket~2.97, elast~0.01"
U0020,0.923,3.0,0.18,1,"S1: loyalty~0.95, basket~3.00, elast~0.20"
U0021,0.975,3.01,-0.3,2,"S2: loyalty~0.95, basket~3.00, elast~-0.27"
U0022,0.937,2.99,0.27,4,"S4: loyalty~0.91, basket~2.98, elast~0.31"
U0023,0.93,2.98,-0.21,3,"S3: loyalty~0.92, basket~2.98, elast~-0.14"
U0024,0.972,2.99,0.16,1,"S1: loyalty~0.95, basket~3.00, elast~0.20"
U0025,0.923,2.99,0.22,4,"S4: loyalty~0.91, basket~2.98, elast~0.31"
U0026,0.944,3.0,-0.02,1,"S1: loyalty~0.95, basket~3.00, elast~0.20"
U0027,0.856,2.97,0.17,0,"S0: loyalty~0.87, basket~2.97, elast~0.01"
U0028,0.904,2.98,0.48,4,"S4: loyalty~0.91, basket~2.98, elast~0.31"
U0029,0.908,3.0,0.02,1,"S1: loyalty~0.95, basket~3.00, elast~0.20"
U0030,0.879,2.97,0.79,4,"S4: loyalty~0.91, basket~2.98, elast~0.31"
U0031,0.929,2.97,-0.17,3,"S3: loyalty~0.92, basket~2.98, elast~-0.14"
U0032,0.988,3.0,-0.63,2,"S2: loyalty~0.95, basket~3.00, elast~-0.27"
U0033,0.949,3.01,-0.73,2,"S2: loyalty~0.95, basket~3.00, elast~-0.27"
U0034,0.912,2.98,0.12,4,"S4: loyalty~0.91, basket~2.98, elast~0.31"
U0035,0.929,3.0,-0.01,1,"S1: loyalty~0.95, basket~3.00, elast~0.20"
U0036,0.969,2.99,-0.12,2,"S2: loyalty~0.95, basket~3.00, elast~-0.27"
U0037,0.964,2.99,0.12,1,"S1: loyalty~0.95, basket~3.00, elast~0.20"
U0038,0.901,2.97,0.22,4,"S4: loyalty~0.91, basket~2.98, elast~0.31"
U0039,0.959,3.0,0.3,1,"S1: loyalty~0.95, basket~3.00, elast~0.20"
U0040,0.891,2.98,0.04,0,"S0: loyalty~0.87, basket~2.97, elast~0.01"
U0041,0.965,2.97,-0.03,3,"S3: loyalty~0.92, basket~2.98, elast~-0.14"
U0042,0.903,2.97,-0.1,3,"S3: loyalty~0.92, basket~2.98, elast~-0.14"
U0043,0.915,3.0,0.21,4,"S4: loyalty~0.91, basket~2.98, elast~0.31"
U0044,0.855,2.98,0.2,0,"S0: loyalty~0.87, basket~2.97, elast~0.01"
U0045,0.882,2.99,-0.05,3,"S3: loyalty~0.92, basket~2.98, elast~-0.14"
U0046,0.899,2.99,-0.15,3,"S3: loyalty~0.92, basket~2.98, elast~-0.14"
U0047,0.941,2.99,0.11,1,"S1: loyalty~0.95, basket~3.00, elast~0.20"
U0048,0.903,3.0,-0.18,3,"S3: loyalty~0.92, basket~2.98, elast~-0.14"
U0049,0.96,2.98,-0.63,2,"S2: loyalty~0.95, basket~3.00, elast~-0.27"
U0050,0.822,2.97,-0.42,0,"S0: loyalty~0.87, basket~2.97, elast~0.01"
U0051,0.969,3.0,-0.3,2,"S2: loyalty~0.95, basket~3.00, elast~-0.27"
U0052,0.878,2.98,-0.16,0,"S0: loyalty~0.87, basket~2.97, elast~0.01"
U0053,0.934,3.01,0.11,1,"S1: loyalty~0.95, basket~3.00, elast~0.20"
U0054,0.943,2.99,-0.24,3,"S3: loyalty~0.92, basket~2.98, elast~-0.14"
U0055,0.88,2.97,-0.21,0,"S0: loyalty~0.87, basket~2.97, elast~0.01"
U0056,0.858,2.98,-0.29,0,"S0: loyalty~0.87, basket~2.97, elast~0.01"
U0057,0.954,3.0,-0.04,2,"S2: loyalty~0.95, basket~3.00, elast~-0.27"
U0058,0.853,2.97,-0.18,0,"S0: loyalty~0.87, basket~2.97, elast~0.01"
U0059,0.935,2.99,-0.17,3,"S3: loyalty~0.92, basket~2.98, elast~-0.14"
U0060,0.987,2.99,-0.13,2,"S2: loyalty~0.95, basket~3.00, elast~-0.27"
U0061,0.907,2.98,-0.09,3,"S3: loyalty~0.92, basket~2.98, elast~-0.14"
U0062,0.936,2.96,0.01,3,"S3: loyalty~0.92, basket~2.98, elast~-0.14"
U0063,0.91,3.01,-0.28,2,"S2: loyalty~0.95, basket~3.00, elast~-0.27"
U0064,0.938,2.98,-0.27,3,"S3: loyalty~0.92, basket~2.98, elast~-0.14"
U0065,0.962,2.99,-0.35,2,"S2: loyalty~0.95, basket~3.00, elast~-0.27"
U0066,0.953,2.99,-0.26,2,"S2: loyalty~0.95, basket~3.00, elast~-0.27"
U0067,0.929,2.99,0.1,4,"S4: loyalty~0.91, basket~2.98, elast~0.31"
U0068,0.912,2.98,-0.06,3,"S3: loyalty~0.92, basket~2.98, elast~-0.14"
U0069,0.903,2.98,0.11,4,"S4: loyalty~0.91, basket~2.98, elast~0.31"
U0070,0.914,3.01,0.03,1,"S1: loyalty~0.95, basket~3.00, elast~0.20"
U0071,0.963,3.0,0.43,1,"S1: loyalty~0.95, basket~3.00, elast~0.20"
U0072,0.928,2.97,-0.13,3,"S3: loyalty~0.92, basket~2.98, elast~-0.14"
U0073,0.904,2.99,-0.08,3,"S3: loyalty~0.92, basket~2.98, elast~-0.14"
U0074,0.901,2.99,-0.01,3,"S3: loyalty~0.92, basket~2.98, elast~-0.14"
U0075,0.863,2.98,-0.12,0,"S0: loyalty~0.87, basket~2.97, elast~0.01"
U0076,0.926,3.0,0.14,1,"S1: loyalty~0.95, basket~3.00, elast~0.20"
U0077,0.921,3.01,0.27,1,"S1: loyalty~0.95, basket~3.00, elast~0.20"
U0078,0.861,2.98,0.2,0,"S0: loyalty~0.87, basket~2.97, elast~0.01"
U0079,0.966,2.99,0.23,1,"S1: loyalty~0.95, basket~3.00, elast~0.20"
U0080,0.961,2.99,0.16,1,"S1: loyalty~0.95, basket~3.00, elast~0.20"
U0081,0.903,2.99,-0.38,3,"S3: loyalty~0.92, basket~2.98, elast~-0.14"
U0082,0.86,2.96,-0.09,0,"S0: loyalty~0.87, basket~2.97, elast~0.01"
U0083,0.988,2.98,-0.16,2,"S2: loyalty~0.95, basket~3.00, elast~-0.27"
U0084,0.933,2.99,0.8,4,"S4: loyalty~0.91, basket~2.98, elast~0.31"
U0085,0.897,3.0,-0.16,3,"S3: loyalty~0.92, basket~2.98, elast~-0.14"
U0086,0.913,2.99,-0.06,3,"S3: loyalty~0.92, basket~2.98, elast~-0.14"
U0087,0.933,2.99,-0.62,2,"S2: loyalty~0.95, basket~3.00, elast~-0.27"
U0088,0.903,2.99,-0.07,3,"S3: loyalty~0.92, basket~2.98, elast~-0.14"
U0089,0.942,2.98,0.45,4,"S4: loyalty~0.91, basket~2.98, elast~0.31"
U0090,0.885,2.98,-0.64,3,"S3: loyalty~0.92, basket~2.98, elast~-0.14"
U0091,0.907,2.98,0.43,4,"S4: loyalty~0.91, basket~2.98, elast~0.31"
U0092,0.896,2.98,0.19,4,"S4: loyalty~0.91, basket~2.98, elast~0.31"
U0093,0.93,2.99,-0.22,3,"S3: loyalty~0.92, basket~2.98, elast~-0.14"
U0094,0.929,2.97,0.48,4,"S4: loyalty~0.91, basket~2.98, elast~0.31"
U0095,0.94,2.99,-0.04,3,"S3: loyalty~0.92, basket~2.98, elast~-0.14"
U0096,0.909,3.0,0.29,4,"S4: loyalty~0.91, basket~2.98, elast~0.31"
U0097,0.942,2.99,-0.03,3,"S3: loyalty~0.92, basket~2.98, elast~-0.14"
U0098,0.848,2.98,0.17,0,"S0: loyalty~0.87, basket~2.97, elast~0.01"
U0099,0.875,2.99,0.06,0,"S0: loyalty~0.87, basket~2.97, elast~0.01"
U0100,0.947,3.0,-0.43,2,"S2: loyalty~0.95, basket~3.00, elast~-0.27"
U0101,0.956,2.96,0.05,3,"S3: loyalty~0.92, basket~2.98, elast~-0.14"
U0102,0.887,2.99,-0.14,3,"S3: loyalty~0.92, basket~2.98, elast~-0.14"
U0103,0.926,2.99,0.01,3,"S3: loyalty~0.92, basket~2.98, elast~-0.14"
U0104,0.961,3.0,0.23,1,"S1: loyalty~0.95, basket~3.00, elast~0.20"
U0105,0.963,3.01,-0.1,2,"S2: loyalty~0.95, basket~3.00, elast~-0.27"
U0106,0.944,2.99,-0.15,2,"S2: loyalty~0.95, basket~3.00, elast~-0.27"
U0107,0.924,3.0,-0.09,2,"S2: loyalty~0.95, basket~3.00, elast~-0.27"
U0108,0.858,2.98,0.07,0,"S0: loyalty~0.87, basket~2.97, elast~0.01"
U0109,0.882,2.98,0.55,4,"S4: loyalty~0.91, basket~2.98, elast~0.31"
U0110,0.907,2.99,-0.07,3,"S3: loyalty~0.92, basket~2.98, elast~-0.14"
U0111,0.916,2.99,0.19,4,"S4: loyalty~0.91, basket~2.98, elast~0.31"
U0112,0.945,3.01,0.28,1,"S1: loyalty~0.95, basket~3.00, elast~0.20"
U0113,0.877,2.99,-0.3,3,"S3: loyalty~0.92, basket~2.98, elast~-0.14"
U0114,0.883,3.0,0.26,4,"S4: loyalty~0.91, basket~2.98, elast~0.31"
U0115,0.947,3.0,0.16,1,"S1: loyalty~0.95, basket~3.00, elast~0.20"
U0116,0.892,3.0,0.0,3,"S3: loyalty~0.92, basket~2.98, elast~-0.14"
U0117,0.931,2.99,0.14,4,"S4: loyalty~0.91, basket~2.98, elast~0.31"
U0118,0.877,2.98,0.18,0,"S0: loyalty~0.87, basket~2.97, elast~0.01"
U0119,0.934,3.0,-0.01,1,"S1: loyalty~0.95, basket~3.00, elast~0.20"
U0120,0.975,3.0,-0.09,2,"S2: loyalty~0.95, basket~3.00, elast~-0.27"
U0121,0.777,2.98,-0.05,0,"S0: loyalty~0.87, basket~2.97, elast~0.01"
U0122,0.865,2.97,0.74,4,"S4: loyalty~0.91, basket~2.98, elast~0.31"
U0123,0.921,2.98,-0.09,3,"S3: loyalty~0.92, basket~2.98, elast~-0.14"
U0124,0.938,2.99,-0.04,2,"S2: loyalty~0.95, basket~3.00, elast~-0.27"
U0125,0.904,2.98,0.28,4,"S4: loyalty~0.91, basket~2.98, elast~0.31"
U0126,0.946,3.0,0.01,1,"S1: loyalty~0.95, basket~3.00, elast~0.20"
U0127,0.926,2.98,-0.05,3,"S3: loyalty~0.92, basket~2.98, elast~-0.14"
U0128,0.933,3.01,0.17,1,"S1: loyalty~0.95, basket~3.00, elast~0.20"
U0129,0.956,2.98,-0.35,2,"S2: loyalty~0.95, basket~3.00, elast~-0.27"
U0130,0.914,3.0,-0.19,2,"S2: loyalty~0.95, basket~3.00, elast~-0.27"
U0131,0.959,3.02,0.09,1,"S1: loyalty~0.95, basket~3.00, elast~0.20"
U0132,0.94,2.99,0.18,1,"S1: loyalty~0.95, basket~3.00, elast~0.20"
U0133,0.957,2.98,-0.06,3,"S3: loyalty~0.92, basket~2.98, elast~-0.14"
U0134,0.948,3.0,-1.32,2,"S2: loyalty~0.95, basket~3.00, elast~-0.27"
U0135,0.931,2.98,0.3,4,"S4: loyalty~0.91, basket~2.98, elast~0.31"
U0136,0.894,3.0,-0.25,3,"S3: loyalty~0.92, basket~2.98, elast~-0.14"
U0137,0.943,3.01,-0.02,1,"S1: loyalty~0.95, basket~3.00, elast~0.20"
U0138,0.905,2.98,0.17,4,"S4: loyalty~0.91, basket~2.98, elast~0.31"
U0139,0.916,2.99,-0.42,2,"S2: loyalty~0.95, basket~3.00, elast~-0.27"
U0140,0.954,2.98,-0.56,3,"S3: loyalty~0.92, basket~2.98, elast~-0.14"
U0141,0.944,2.97,0.36,4,"S4: loyalty~0.91, basket~2.98, elast~0.31"
U0142,0.934,2.97,0.01,3,"S3: loyalty~0.92, basket~2.98, elast~-0.14"
U0143,0.937,3.01,0.22,1,"S1: loyalty~0.95, basket~3.00, elast~0.20"
U0144,0.951,2.98,-0.25,3,"S3: loyalty~0.92, basket~2.98, elast~-0.14"
U0145,0.923,3.0,-0.15,2,"S2: loyalty~0.95, basket~3.00, elast~-0.27"
U0146,0.95,2.99,0.46,4,"S4: loyalty~0.91, basket~2.98, elast~0.31"
U0147,0.893,2.98,0.23,4,"S4: loyalty~0.91, basket~2.98, elast~0.31"
U0148,0.91,3.01,-0.22,2,"S2: loyalty~0.95, basket~3.00, elast~-0.27"
U0149,0.96,3.0,0.15,1,"S1: loyalty~0.95, basket~3.00, elast~0.20"
U0150,0.947,2.99,-0.11,3,"S3: loyalty~0.92, basket~2.98, elast~-0.14"
U0151,0.975,2.99,-0.27,2,"S2: loyalty~0.95, basket~3.00, elast~-0.27"
U0152,0.881,2.98,-0.08,0,"S0: loyalty~0.87, basket~2.97, elast~0.01"
U0153,0.951,3.01,-0.29,2,"S2: loyalty~0.95, basket~3.00, elast~-0.27"
U0154,0.931,2.97,0.28,4,"S4: loyalty~0.91, basket~2.98, elast~0.31"
U0155,0.924,2.99,-0.04,3,"S3: loyalty~0.92, basket~2.98, elast~-0.14"
U0156,0.935,2.97,-0.28,3,"S3: loyalty~0.92, basket~2.98, elast~-0.14"
U0157,0.911,2.99,-0.08,3,"S3: loyalty~0.92, basket~2.98, elast~-0.14"
U0158,0.965,3.0,-0.19,2,"S2: loyalty~0.95, basket~3.00, elast~-0.27"
U0159,0.89,2.99,0.25,4,"S4: loyalty~0.91, basket~2.98, elast~0.31"
U0160,0.988,2.99,0.1,1,"S1: loyalty~0.95, basket~3.00, elast~0.20"
U0161,0.929,3.0,-0.05,2,"S2: loyalty~0.95, basket~3.00, elast~-0.27"
U0162,0.905,2.99,-0.13,3,"S3: loyalty~0.92, basket~2.98, elast~-0.14"
U0163,0.912,2.99,-0.15,3,"S3: loyalty~0.92, basket~2.98, elast~-0.14"
U0164,0.971,3.02,0.01,1,"S1: loyalty~0.95, basket~3.00, elast~0.20"
U0165,0.946,3.0,-0.04,2,"S2: loyalty~0.95, basket~3.00, elast~-0.27"
U0166,0.936,2.99,0.09,3,"S3: loyalty~0.92, basket~2.98, elast~-0.14"
U0167,0.934,3.01,0.07,1,"S1: loyalty~0.95, basket~3.00, elast~0.20"
U0168,0.915,3.01,-0.05,2,"S2: loyalty~0.95, basket~3.00, elast~-0.27"
U0169,0.826,2.98,0.11,0,"S0: loyalty~0.87, basket~2.97, elast~0.01"
U0170,0.929,2.98,0.13,4,"S4: loyalty~0.91, basket~2.98, elast~0.31"
U0171,0.863,2.97,0.05,0,"S0: loyalty~0.87, basket~2.97, elast~0.01"
U0172,0.915,2.98,-0.25,3,"S3: loyalty~0.92, basket~2.98, elast~-0.14"
U0173,0.953,3.0,0.34,1,"S1: loyalty~0.95, basket~3.00, elast~0.20"
U0174,0.926,2.99,-0.11,3,"S3: loyalty~0.92, basket~2.98, elast~-0.14"
U0175,0.941,2.99,0.2,1,"S1: loyalty~0.95, basket~3.00, elast~0.20"
U0176,0.909,2.97,-0.07,3,"S3: loyalty~0.92, basket~2.98, elast~-0.14"
U0177,0.932,2.98,0.32,4,"S4: loyalty~0.91, basket~2.98, elast~0.31"
U0178,0.898,2.99,0.03,3,"S3: loyalty~0.92, basket~2.98, elast~-0.14"
U0179,0.891,2.98,0.21,4,"S4: loyalty~0.91, basket~2.98, elast~0.31"
U0180,0.989,3.0,-0.51,2,"S2: loyalty~0.95, basket~3.00, elast~-0.27"
U0181,0.951,3.0,-0.12,2,"S2: loyalty~0.95, basket~3.00, elast~-0.27"
U0182,0.945,2.98,0.24,4,"S4: loyalty~0.91, basket~2.98, elast~0.31"
U0183,0.961,3.01,-0.44,2,"S2: loyalty~0.95, basket~3.00, elast~-0.27"
U0184,0.902,3.0,0.22,4,"S4: loyalty~0.91, basket~2.98, elast~0.31"
U0185,0.906,2.98,-0.26,3,"S3: loyalty~0.92, basket~2.98, elast~-0.14"
U0186,0.912,2.97,-0.08,3,"S3: loyalty~0.92, basket~2.98, elast~-0.14"
U0187,0.878,2.99,0.31,4,"S4: loyalty~0.91, basket~2.98, elast~0.31"
U0188,0.929,2.99,-0.3,3,"S3: loyalty~0.92, basket~2.98, elast~-0.14"
U0189,0.951,3.0,-0.19,2,"S2: loyalty~0.95, basket~3.00, elast~-0.27"
U0190,0.883,2.96,0.38,0,"S0: loyalty~0.87, basket~2.97, elast~0.01"
U0191,0.913,2.99,0.63,4,"S4: loyalty~0.91, basket~2.98, elast~0.31"
U0192,0.951,2.98,-0.21,3,"S3: loyalty~0.92, basket~2.98, elast~-0.14"
U0193,0.875,2.99,0.11,0,"S0: loyalty~0.87, basket~2.97, elast~0.01"
U0194,0.95,3.01,0.0,1,"S1: loyalty~0.95, basket~3.00, elast~0.20"
U0195,0.948,3.0,-0.37,2,"S2: loyalty~0.95, basket~3.00, elast~-0.27"
U0196,0.956,2.98,0.31,4,"S4: loyalty~0.91, basket~2.98, elast~0.31"
U0197,0.906,2.97,0.04,3,"S3: loyalty~0.92, basket~2.98, elast~-0.14"
U0198,0.96,2.98,0.14,4,"S4: loyalty~0.91, basket~2.98, elast~0.31"
U0199,0.928,3.0,0.62,1,"S1: loyalty~0.95, basket~3.00, elast~0.20"
U0200,0.935,3.01,-0.2,2,"S2: loyalty~0.95, basket~3.00, elast~-0.27"
U0201,0.907,2.98,-0.1,3,"S3: loyalty~0.92, basket~2.98, elast~-0.14"
U0202,0.885,2.99,0.18,4,"S4: loyalty~0.91, basket~2.98, elast~0.31"
U0203,0.955,2.98,0.17,1,"S1: loyalty~0.95, basket~3.00, elast~0.20"
U0204,0.928,2.98,-0.08,3,"S3: loyalty~0.92, basket~2.98, elast~-0.14"
U0205,0.927,2.99,-0.04,3,"S3: loyalty~0.92, basket~2.98, elast~-0.14"
U0206,0.895,2.98,0.1,4,"S4: loyalty~0.91, basket~2.98, elast~0.31"
U0207,0.949,2.99,0.17,1,"S1: loyalty~0.95, basket~3.00, elast~0.20"
U0208,0.955,2.97,-0.21,3,"S3: loyalty~0.92, basket~2.98, elast~-0.14"
U0209,0.863,2.96,0.6,0,"S0: loyalty~0.87, basket~2.97, elast~0.01"
U0210,0.893,2.97,-0.23,0,"S0: loyalty~0.87, basket~2.97, elast~0.01"
U0211,0.884,2.99,0.1,4,"S4: loyalty~0.91, basket~2.98, elast~0.31"
U0212,0.967,3.0,0.02,1,"S1: loyalty~0.95, basket~3.00, elast~0.20"
U0213,0.905,2.98,0.18,4,"S4: loyalty~0.91, basket~2.98, elast~0.31"
U0214,0.956,3.03,-0.42,2,"S2: loyalty~0.95, basket~3.00, elast~-0.27"
U0215,0.945,3.0,-0.09,2,"S2: loyalty~0.95, basket~3.00, elast~-0.27"
U0216,0.902,2.99,0.19,4,"S4: loyalty~0.91, basket~2.98, elast~0.31"
U0217,0.989,3.0,-0.28,2,"S2: loyalty~0.95, basket~3.00, elast~-0.27"
U0218,0.948,2.99,-0.16,2,"S2: loyalty~0.95, basket~3.00, elast~-0.27"
U0219,0.936,2.99,0.04,1,"S1: loyalty~0.95, basket~3.00, elast~0.20"
U0220,0.906,2.99,-0.23,3,"S3: loyalty~0.92, basket~2.98, elast~-0.14"
U0221,0.92,2.99,-0.25,3,"S3: loyalty~0.92, basket~2.98, elast~-0.14"
U0222,0.923,2.98,-0.13,3,"S3: loyalty~0.92, basket~2.98, elast~-0.14"
U0223,0.901,2.99,-0.01,3,"S3: loyalty~0.92, basket~2.98, elast~-0.14"
U0224,0.959,3.0,-0.08,2,"S2: loyalty~0.95, basket~3.00, elast~-0.27"
U0225,0.93,2.99,0.14,1,"S1: loyalty~0.95, basket~3.00, elast~0.20"
U0226,0.895,2.99,-0.02,3,"S3: loyalty~0.92, basket~2.98, elast~-0.14"
U0227,0.928,2.98,-0.01,3,"S3: loyalty~0.92, basket~2.98, elast~-0.14"
U0228,0.944,2.97,-0.11,3,"S3: loyalty~0.92, basket~2.98, elast~-0.14"
U0229,0.948,3.0,0.09,1,"S1: loyalty~0.95, basket~3.00, elast~0.20"
U0230,0.898,3.01,0.11,1,"S1: loyalty~0.95, basket~3.00, elast~0.20"
U0231,0.961,2.96,-0.19,3,"S3: loyalty~0.92, basket~2.98, elast~-0.14"
U0232,0.9,2.98,-0.14,3,"S3: loyalty~0.92, basket~2.98, elast~-0.14"
U0233,0.956,2.99,0.68,4,"S4: loyalty~0.91, basket~2.98, elast~0.31"
U0234,0.95,2.99,0.06,1,"S1: loyalty~0.95, basket~3.00, elast~0.20"
U0235,0.913,3.0,-0.06,3,"S3: loyalty~0.92, basket~2.98, elast~-0.14"
U0236,0.928,2.99,-0.33,2,"S2: loyalty~0.95, basket~3.00, elast~-0.27"
U0237,0.906,2.99,-0.25,3,"S3: loyalty~0.92, basket~2.98, elast~-0.14"
U0238,0.893,2.99,0.32,4,"S4: loyalty~0.91, basket~2.98, elast~0.31"
U0239,0.884,2.97,-0.05,0,"S0: loyalty~0.87, basket~2.97, elast~0.01"
U0240,0.952,3.0,0.06,1,"S1: loyalty~0.95, basket~3.00, elast~0.20"
U0241,0.951,3.0,0.05,1,"S1: loyalty~0.95, basket~3.00, elast~0.20"
U0242,0.938,2.98,0.63,4,"S4: loyalty~0.91, basket~2.98, elast~0.31"
U0243,0.913,2.98,-0.03,3,"S3: loyalty~0.92, basket~2.98, elast~-0.14"
U0244,0.966,3.0,-0.07,2,"S2: loyalty~0.95, basket~3.00, elast~-0.27"
U0245,0.919,2.98,0.21,4,"S4: loyalty~0.91, basket~2.98, elast~0.31"
U0246,0.905,2.99,0.05,3,"S3: loyalty~0.92, basket~2.98, elast~-0.14"
U0247,0.94,3.0,0.25,1,"S1: loyalty~0.95, basket~3.00, elast~0.20"
U0248,0.957,3.0,-0.19,2,"S2: loyalty~0.95, basket~3.00, elast~-0.27"
U0249,0.859,2.99,0.21,0,"S0: loyalty~0.87, basket~2.97, elast~0.01"
U0250,0.969,3.0,0.04,1,"S1: loyalty~0.95, basket~3.00, elast~0.20"
U0251,0.887,2.99,-0.07,3,"S3: loyalty~0.92, basket~2.98, elast~-0.14"
U0252,0.899,3.0,-0.14,3,"S3: loyalty~0.92, basket~2.98, elast~-0.14"
U0253,0.942,2.98,0.34,4,"S4: loyalty~0.91, basket~2.98, elast~0.31"
U0254,0.953,3.0,0.11,1,"S1: loyalty~0.95, basket~3.00, elast~0.20"
U0255,0.948,3.0,-0.22,2,"S2: loyalty~0.95, basket~3.00, elast~-0.27"
U0256,0.958,2.99,-0.0,1,"S1: loyalty~0.95, basket~3.00, elast~0.20"
U0257,0.937,3.0,0.17,1,"S1: loyalty~0.95, basket~3.00, elast~0.20"
U0258,0.905,2.98,0.12,4,"S4: loyalty~0.91, basket~2.98, elast~0.31"
U0259,0.895,2.97,0.21,0,"S0: loyalty~0.87, basket~2.97, elast~0.01"
U0260,0.936,2.98,0.04,3,"S3: loyalty~0.92, basket~2.98, elast~-0.14"
U0261,0.904,2.94,-0.35,0,"S0: loyalty~0.87, basket~2.97, elast~0.01"
U0262,0.915,3.0,-0.24,2,"S2: loyalty~0.95, basket~3.00, elast~-0.27"
U0263,0.962,3.0,-0.1,2,"S2: loyalty~0.95, basket~3.00, elast~-0.27"
U0264,0.973,3.0,0.24,1,"S1: loyalty~0.95, basket~3.00, elast~0.20"
U0265,0.893,2.98,0.24,4,"S4: loyalty~0.91, basket~2.98, elast~0.31"
U0266,0.931,2.99,0.21,1,"S1: loyalty~0.95, basket~3.00, elast~0.20"
U0267,0.883,2.96,0.05,0,"S0: loyalty~0.87, basket~2.97, elast~0.01"
U0268,0.922,2.97,0.1,3,"S3: loyalty~0.92, basket~2.98, elast~-0.14"
U0269,0.94,2.97,-0.48,3,"S3: loyalty~0.92, basket~2.98, elast~-0.14"
U0270,0.931,2.98,0.03,3,"S3: loyalty~0.92, basket~2.98, elast~-0.14"
U0271,0.966,2.99,0.3,1,"S1: loyalty~0.95, basket~3.00, elast~0.20"
U0272,0.9,2.98,-0.55,3,"S3: loyalty~0.92, basket~2.98, elast~-0.14"
U0273,0.872,2.96,0.29,0,"S0: loyalty~0.87, basket~2.97, elast~0.01"
U0274,0.927,2.98,0.5,4,"S4: loyalty~0.91, basket~2.98, elast~0.31"
U0275,0.961,2.99,-0.34,2,"S2: loyalty~0.95, basket~3.00, elast~-0.27"
U0276,0.916,3.01,0.72,1,"S1: loyalty~0.95, basket~3.00, elast~0.20"
U0277,0.876,2.99,0.32,4,"S4: loyalty~0.91, basket~2.98, elast~0.31"
U0278,0.937,2.99,-0.08,3,"S3: loyalty~0.92, basket~2.98, elast~-0.14"
U0279,0.907,2.98,-0.19,3,"S3: loyalty~0.92, basket~2.98, elast~-0.14"
U0280,0.897,2.98,-0.37,3,"S3: loyalty~0.92, basket~2.98, elast~-0.14"
U0281,0.935,2.99,0.3,4,"S4: loyalty~0.91, basket~2.98, elast~0.31"
U0282,0.896,2.98,0.38,4,"S4: loyalty~0.91, basket~2.98, elast~0.31"
U0283,0.891,3.0,-0.5,2,"S2: loyalty~0.95, basket~3.00, elast~-0.27"
U0284,0.867,2.97,-0.27,0,"S0: loyalty~0.87, basket~2.97, elast~0.01"
U0285,0.936,3.01,-0.11,2,"S2: loyalty~0.95, basket~3.00, elast~-0.27"
U0286,0.94,2.99,-0.21,3,"S3: loyalty~0.92, basket~2.98, elast~-0.14"
U0287,0.964,3.0,0.21,1,"S1: loyalty~0.95, basket~3.00, elast~0.20"
U0288,0.911,2.99,0.02,3,"S3: loyalty~0.92, basket~2.98, elast~-0.14"
U0289,0.866,2.96,0.11,0,"S0: loyalty~0.87, basket~2.97, elast~0.01"
U0290,0.862,2.99,0.02,0,"S0: loyalty~0.87, basket~2.97, elast~0.01"
U0291,0.874,2.98,0.06,0,"S0: loyalty~0.87, basket~2.97, elast~0.01"
U0292,0.814,2.95,-0.03,0,"S0: loyalty~0.87, basket~2.97, elast~0.01"
U0293,0.966,3.0,0.06,1,"S1: loyalty~0.95, basket~3.00, elast~0.20"
U0294,0.915,2.99,0.41,4,"S4: loyalty~0.91, basket~2.98, elast~0.31"
U0295,0.922,2.99,0.1,4,"S4: loyalty~0.91, basket~2.98, elast~0.31"
U0296,0.93,3.02,0.13,1,"S1: loyalty~0.95, basket~3.00, elast~0.20"
U0297,0.919,3.0,-0.17,2,"S2: loyalty~0.95, basket~3.00, elast~-0.27"
U0298,0.955,3.0,0.11,1,"S1: loyalty~0.95, basket~3.00, elast~0.20"
U0299,0.902,2.98,-0.14,3,"S3: loyalty~0.92, basket~2.98, elast~-0.14"
U0300,0.906,2.99,-0.05,3,"S3: loyalty~0.92, basket~2.98, elast~-0.14"
U0301,0.908,2.98,-0.13,3,"S3: loyalty~0.92, basket~2.98, elast~-0.14"
U0302,0.909,3.0,-0.16,2,"S2: loyalty~0.95, basket~3.00, elast~-0.27"
U0303,0.956,3.0,-0.31,2,"S2: loyalty~0.95, basket~3.00, elast~-0.27"
U0304,0.958,2.99,0.16,1,"S1: loyalty~0.95, basket~3.00, elast~0.20"
U0305,0.872,2.98,1.0,4,"S4: loyalty~0.91, basket~2.98, elast~0.31"
U0306,0.913,2.98,0.14,4,"S4: loyalty~0.91, basket~2.98, elast~0.31"
U0307,0.951,2.99,-0.26,2,"S2: loyalty~0.95, basket~3.00, elast~-0.27"
U0308,0.926,2.98,-0.13,3,"S3: loyalty~0.92, basket~2.98, elast~-0.14"
U0309,0.969,2.99,-0.07,2,"S2: loyalty~0.95, basket~3.00, elast~-0.27"
U0310,0.949,3.01,-0.68,2,"S2: loyalty~0.95, basket~3.00, elast~-0.27"
U0311,0.97,2.98,-0.32,2,"S2: loyalty~0.95, basket~3.00, elast~-0.27"
U0312,0.926,3.0,-0.12,2,"S2: loyalty~0.95, basket~3.00, elast~-0.27"
U0313,0.902,2.97,-0.17,3,"S3: loyalty~0.92, basket~2.98, elast~-0.14"
U0314,0.882,2.99,-0.42,3,"S3: loyalty~0.92, basket~2.98, elast~-0.14"
U0315,0.945,3.01,0.19,1,"S1: loyalty~0.95, basket~3.00, elast~0.20"
U0316,0.904,2.97,0.13,4,"S4: loyalty~0.91, basket~2.98, elast~0.31"
U0317,0.939,2.99,-0.14,3,"S3: loyalty~0.92, basket~2.98, elast~-0.14"
U0318,0.938,3.0,0.07,1,"S1: loyalty~0.95, basket~3.00, elast~0.20"
U0319,0.904,2.98,0.3,4,"S4: loyalty~0.91, basket~2.98, elast~0.31"
U0320,0.887,2.99,0.1,4,"S4: loyalty~0.91, basket~2.98, elast~0.31"
U0321,0.924,2.97,-0.23,3,"S3: loyalty~0.92, basket~2.98, elast~-0.14"
U0322,0.87,2.97,0.18,0,"S0: loyalty~0.87, basket~2.97, elast~0.01"
U0323,0.828,2.97,0.28,0,"S0: loyalty~0.87, basket~2.97, elast~0.01"
U0324,0.935,2.98,0.2,4,"S4: loyalty~0.91, basket~2.98, elast~0.31"
U0325,0.964,2.98,0.54,4,"S4: loyalty~0.91, basket~2.98, elast~0.31"
U0326,0.941,2.99,-0.47,2,"S2: loyalty~0.95, basket~3.00, elast~-0.27"
U0327,0.933,2.99,-0.09,3,"S3: loyalty~0.92, basket~2.98, elast~-0.14"
U0328,0.925,2.99,-0.28,3,"S3: loyalty~0.92, basket~2.98, elast~-0.14"
U0329,0.951,3.01,0.03,1,"S1: loyalty~0.95, basket~3.00, elast~0.20"
U0330,0.917,2.98,-0.01,3,"S3: loyalty~0.92, basket~2.98, elast~-0.14"
U0331,0.949,3.0,-0.06,2,"S2: loyalty~0.95, basket~3.00, elast~-0.27"
U0332,0.904,2.99,-0.13,3,"S3: loyalty~0.92, basket~2.98, elast~-0.14"
U0333,0.812,2.96,0.15,0,"S0: loyalty~0.87, basket~2.97, elast~0.01"
U0334,0.952,2.98,0.17,4,"S4: loyalty~0.91, basket~2.98, elast~0.31"
U0335,0.956,2.99,-0.12,2,"S2: loyalty~0.95, basket~3.00, elast~-0.27"
U0336,0.944,3.0,-0.37,2,"S2: loyalty~0.95, basket~3.00, elast~-0.27"
U0337,0.927,2.99,0.13,1,"S1: loyalty~0.95, basket~3.00, elast~0.20"
U0338,0.931,2.99,0.25,4,"S4: loyalty~0.91, basket~2.98, elast~0.31"
U0339,0.924,2.98,0.01,3,"S3: loyalty~0.92, basket~2.98, elast~-0.14"
U0340,0.86,2.97,0.38,0,"S0: loyalty~0.87, basket~2.97, elast~0.01"
U0341,0.92,3.0,-0.08,2,"S2: loyalty~0.95, basket~3.00, elast~-0.27"
U0342,0.99,3.01,0.03,1,"S1: loyalty~0.95, basket~3.00, elast~0.20"
U0343,0.926,3.0,-0.09,2,"S2: loyalty~0.95, basket~3.00, elast~-0.27"
U0344,0.95,2.99,-0.07,2,"S2: loyalty~0.95, basket~3.00, elast~-0.27"
U0345,0.944,3.0,-0.12,2,"S2: loyalty~0.95, basket~3.00, elast~-0.27"
U0346,0.915,3.01,-0.1,2,"S2: loyalty~0.95, basket~3.00, elast~-0.27"
U0347,0.927,2.98,0.21,4,"S4: loyalty~0.91, basket~2.98, elast~0.31"
U0348,0.939,2.99,0.33,4,"S4: loyalty~0.91, basket~2.98, elast~0.31"
U0349,0.953,3.0,0.19,1,"S1: loyalty~0.95, basket~3.00, elast~0.20"
U0350,0.915,2.99,0.2,4,"S4: loyalty~0.91, basket~2.98, elast~0.31"
U0351,0.936,2.99,0.45,4,"S4: loyalty~0.91, basket~2.98, elast~0.31"
U0352,0.913,2.99,0.39,4,"S4: loyalty~0.91, basket~2.98, elast~0.31"
U0353,0.951,2.99,-0.21,2,"S2: loyalty~0.95, basket~3.00, elast~-0.27"
U0354,0.945,2.99,0.05,3,"S3: loyalty~0.92, basket~2.98, elast~-0.14"
U0355,0.908,2.97,-0.1,3,"S3: loyalty~0.92, basket~2.98, elast~-0.14"
U0356,0.918,2.99,-0.01,3,"S3: loyalty~0.92, basket~2.98, elast~-0.14"
U0357,0.942,2.98,0.47,4,"S4: loyalty~0.91, basket~2.98, elast~0.31"
U0358,0.941,2.99,0.21,1,"S1: loyalty~0.95, basket~3.00, elast~0.20"
U0359,0.884,2.98,0.1,0,"S0: loyalty~0.87, basket~2.97, elast~0.01"
U0360,0.931,2.98,0.17,4,"S4: loyalty~0.91, basket~2.98, elast~0.31"
U0361,0.911,2.98,0.58,4,"S4: loyalty~0.91, basket~2.98, elast~0.31"
U0362,0.883,2.99,0.22,4,"S4: loyalty~0.91, basket~2.98, elast~0.31"
U0363,0.966,3.01,0.1,1,"S1: loyalty~0.95, basket~3.00, elast~0.20"
U0364,0.962,3.0,-0.05,2,"S2: loyalty~0.95, basket~3.00, elast~-0.27"
U0365,0.969,3.0,-0.12,2,"S2: loyalty~0.95, basket~3.00, elast~-0.27"
U0366,0.95,3.0,-0.31,2,"S2: loyalty~0.95, basket~3.00, elast~-0.27"
U0367,0.93,3.01,-0.16,2,"S2: loyalty~0.95, basket~3.00, elast~-0.27"
U0368,0.932,2.99,-0.27,2,"S2: loyalty~0.95, basket~3.00, elast~-0.27"
U0369,0.943,2.99,0.16,4,"S4: loyalty~0.91, basket~2.98, elast~0.31"
U0370,0.914,3.0,0.01,1,"S1: loyalty~0.95, basket~3.00, elast~0.20"
U0371,0.948,2.99,-0.02,3,"S3: loyalty~0.92, basket~2.98, elast~-0.14"
U0372,0.934,3.0,0.3,1,"S1: loyalty~0.95, basket~3.00, elast~0.20"
U0373,0.899,2.99,0.26,4,"S4: loyalty~0.91, basket~2.98, elast~0.31"
U0374,0.908,2.99,0.09,4,"S4: loyalty~0.91, basket~2.98, elast~0.31"
U0375,0.863,2.98,-0.02,0,"S0: loyalty~0.87, basket~2.97, elast~0.01"
U0376,0.904,3.0,0.13,1,"S1: loyalty~0.95, basket~3.00, elast~0.20"
U0377,0.914,3.0,0.1,1,"S1: loyalty~0.95, basket~3.00, elast~0.20"
U0378,0.905,3.01,-0.51,2,"S2: loyalty~0.95, basket~3.00, elast~-0.27"
U0379,0.918,3.01,-0.05,2,"S2: loyalty~0.95, basket~3.00, elast~-0.27"
U0380,0.897,2.98,-0.23,3,"S3: loyalty~0.92, basket~2.98, elast~-0.14"
U0381,0.949,3.0,-0.3,2,"S2: loyalty~0.95, basket~3.00, elast~-0.27"
U0382,0.964,2.99,0.19,1,"S1: loyalty~0.95, basket~3.00, elast~0.20"
U0383,0.963,3.0,0.42,1,"S1: loyalty~0.95, basket~3.00, elast~0.20"
U0384,0.922,2.99,0.31,4,"S4: loyalty~0.91, basket~2.98, elast~0.31"
U0385,0.954,3.0,-0.45,2,"S2: loyalty~0.95, basket~3.00, elast~-0.27"
U0386,0.989,2.99,-0.22,2,"S2: loyalty~0.95, basket~3.00, elast~-0.27"
U0387,0.956,3.0,0.64,1,"S1: loyalty~0.95, basket~3.00, elast~0.20"
U0388,0.913,2.99,-0.09,3,"S3: loyalty~0.92, basket~2.98, elast~-0.14"
U0389,0.902,2.99,-0.06,3,"S3: loyalty~0.92, basket~2.98, elast~-0.14"
U0390,0.935,2.99,0.28,1,"S1: loyalty~0.95, basket~3.00, elast~0.20"
U0391,0.966,3.0,-0.08,2,"S2: loyalty~0.95, basket~3.00, elast~-0.27"
U0392,0.919,2.99,-0.05,3,"S3: loyalty~0.92, basket~2.98, elast~-0.14"
U0393,0.923,2.98,0.44,4,"S4: loyalty~0.91, basket~2.98, elast~0.31"
U0394,0.923,3.0,-0.04,2,"S2: loyalty~0.95, basket~3.00, elast~-0.27"
U0395,0.851,2.98,0.29,0,"S0: loyalty~0.87, basket~2.97, elast~0.01"
U0396,0.928,2.99,-0.42,2,"S2: loyalty~0.95, basket~3.00, elast~-0.27"
U0397,0.919,2.97,-0.49,3,"S3: loyalty~0.92, basket~2.98, elast~-0.14"
U0398,0.917,2.99,-0.08,3,"S3: loyalty~0.92, basket~2.98, elast~-0.14"
U0399,0.936,3.0,-0.35,2,"S2: loyalty~0.95, basket~3.00, elast~-0.27"
U0400,0.921,2.99,-0.24,3,"S3: loyalty~0.92, basket~2.98, elast~-0.14"
U0401,0.893,2.99,0.01,3,"S3: loyalty~0.92, basket~2.98, elast~-0.14"
U0402,0.944,3.0,0.07,1,"S1: loyalty~0.95, basket~3.00, elast~0.20"
U0403,0.94,3.01,-0.34,2,"S2: loyalty~0.95, basket~3.00, elast~-0.27"
U0404,0.931,2.98,-0.07,3,"S3: loyalty~0.92, basket~2.98, elast~-0.14"
U0405,0.919,3.0,0.17,1,"S1: loyalty~0.95, basket~3.00, elast~0.20"
U0406,0.908,2.98,0.4,4,"S4: loyalty~0.91, basket~2.98, elast~0.31"
U0407,0.874,2.99,-0.28,3,"S3: loyalty~0.92, basket~2.98, elast~-0.14"
U0408,0.937,2.98,-0.27,3,"S3: loyalty~0.92, basket~2.98, elast~-0.14"
U0409,0.954,2.99,0.39,1,"S1: loyalty~0.95, basket~3.00, elast~0.20"
U0410,0.93,3.01,-0.23,2,"S2: loyalty~0.95, basket~3.00, elast~-0.27"
U0411,0.961,3.0,0.86,1,"S1: loyalty~0.95, basket~3.00, elast~0.20"
U0412,0.95,3.01,0.18,1,"S1: loyalty~0.95, basket~3.00, elast~0.20"
U0413,0.938,3.01,0.17,1,"S1: loyalty~0.95, basket~3.00, elast~0.20"
U0414,0.911,3.01,-0.4,2,"S2: loyalty~0.95, basket~3.00, elast~-0.27"
U0415,0.951,2.98,-0.06,3,"S3: loyalty~0.92, basket~2.98, elast~-0.14"
U0416,0.933,2.99,0.2,4,"S4: loyalty~0.91, basket~2.98, elast~0.31"
U0417,0.943,3.01,-0.23,2,"S2: loyalty~0.95, basket~3.00, elast~-0.27"
U0418,0.877,2.99,0.16,4,"S4: loyalty~0.91, basket~2.98, elast~0.31"
U0419,0.946,2.99,0.23,1,"S1: loyalty~0.95, basket~3.00, elast~0.20"
U0420,0.892,2.97,0.03,0,"S0: loyalty~0.87, basket~2.97, elast~0.01"
U0421,0.928,2.98,-0.05,3,"S3: loyalty~0.92, basket~2.98, elast~-0.14"
U0422,0.947,2.98,0.21,4,"S4: loyalty~0.91, basket~2.98, elast~0.31"
U0423,0.921,3.0,0.4,1,"S1: loyalty~0.95, basket~3.00, elast~0.20"
U0424,0.94,2.98,-0.27,3,"S3: loyalty~0.92, basket~2.98, elast~-0.14"
U0425,0.95,3.0,0.11,1,"S1: loyalty~0.95, basket~3.00, elast~0.20"
U0426,0.972,3.01,0.01,1,"S1: loyalty~0.95, basket~3.00, elast~0.20"
U0427,0.912,2.98,0.09,4,"S4: loyalty~0.91, basket~2.98, elast~0.31"
U0428,0.958,3.01,0.04,1,"S1: loyalty~0.95, basket~3.00, elast~0.20"
U0429,0.935,2.97,-0.27,3,"S3: loyalty~0.92, basket~2.98, elast~-0.14"
U0430,0.93,2.98,-0.09,3,"S3: loyalty~0.92, basket~2.98, elast~-0.14"
U0431,0.935,2.99,-0.1,3,"S3: loyalty~0.92, basket~2.98, elast~-0.14"
U0432,0.894,3.0,-0.57,2,"S2: loyalty~0.95, basket~3.00, elast~-0.27"
U0433,0.962,2.99,0.24,1,"S1: loyalty~0.95, basket~3.00, elast~0.20"
U0434,0.958,3.01,0.14,1,"S1: loyalty~0.95, basket~3.00, elast~0.20"
U0435,0.899,2.99,0.33,4,"S4: loyalty~0.91, basket~2.98, elast~0.31"
U0436,0.928,2.97,-0.01,3,"S3: loyalty~0.92, basket~2.98, elast~-0.14"
U0437,0.943,3.0,0.15,1,"S1: loyalty~0.95, basket~3.00, elast~0.20"
U0438,0.903,2.99,0.3,4,"S4: loyalty~0.91, basket~2.98, elast~0.31"
U0439,0.941,2.98,0.13,4,"S4: loyalty~0.91, basket~2.98, elast~0.31"
U0440,0.94,2.99,0.22,1,"S1: loyalty~0.95, basket~3.00, elast~0.20"
U0441,0.908,3.0,0.21,4,"S4: loyalty~0.91, basket~2.98, elast~0.31"
U0442,0.936,2.98,0.21,4,"S4: loyalty~0.91, basket~2.98, elast~0.31"
U0443,0.867,2.97,-0.26,0,"S0: loyalty~0.87, basket~2.97, elast~0.01"
U0444,0.978,2.99,0.07,1,"S1: loyalty~0.95, basket~3.00, elast~0.20"
U0445,0.941,2.99,-0.31,2,"S2: loyalty~0.95, basket~3.00, elast~-0.27"
U0446,0.924,2.99,0.02,3,"S3: loyalty~0.92, basket~2.98, elast~-0.14"
U0447,0.944,3.0,-0.42,2,"S2: loyalty~0.95, basket~3.00, elast~-0.27"
U0448,0.907,2.98,-0.06,3,"S3: loyalty~0.92, basket~2.98, elast~-0.14"
U0449,0.916,2.98,0.38,4,"S4: loyalty~0.91, basket~2.98, elast~0.31"
U0450,0.934,2.99,-0.23,2,"S2: loyalty~0.95, basket~3.00, elast~-0.27"
U0451,0.941,2.99,0.04,1,"S1: loyalty~0.95, basket~3.00, elast~0.20"
U0452,0.972,2.99,-0.09,2,"S2: loyalty~0.95, basket~3.00, elast~-0.27"
U0453,0.944,3.0,-0.07,2,"S2: loyalty~0.95, basket~3.00, elast~-0.27"
U0454,0.933,2.99,-0.09,3,"S3: loyalty~0.92, basket~2.98, elast~-0.14"
U0455,0.912,3.0,0.11,1,"S1: loyalty~0.95, basket~3.00, elast~0.20"
U0456,0.934,2.99,-0.15,3,"S3: loyalty~0.92, basket~2.98, elast~-0.14"
U0457,0.988,3.0,0.76,1,"S1: loyalty~0.95, basket~3.00, elast~0.20"
U0458,0.977,3.0,-0.13,2,"S2: loyalty~0.95, basket~3.00, elast~-0.27"
U0459,0.952,2.99,-0.23,2,"S2: loyalty~0.95, basket~3.00, elast~-0.27"
U0460,0.921,2.98,0.05,3,"S3: loyalty~0.92, basket~2.98, elast~-0.14"
U0461,0.891,2.99,-0.33,3,"S3: loyalty~0.92, basket~2.98, elast~-0.14"
U0462,0.903,2.98,-0.28,3,"S3: loyalty~0.92, basket~2.98, elast~-0.14"
U0463,0.848,2.96,0.13,0,"S0: loyalty~0.87, basket~2.97, elast~0.01"
U0464,0.938,2.97,-0.04,3,"S3: loyalty~0.92, basket~2.98, elast~-0.14"
U0465,0.918,2.98,-0.21,3,"S3: loyalty~0.92, basket~2.98, elast~-0.14"
U0466,0.915,2.97,0.54,4,"S4: loyalty~0.91, basket~2.98, elast~0.31"
U0467,0.914,2.98,-0.18,3,"S3: loyalty~0.92, basket~2.98, elast~-0.14"
U0468,0.988,2.99,0.55,1,"S1: loyalty~0.95, basket~3.00, elast~0.20"
U0469,0.945,2.99,0.44,4,"S4: loyalty~0.91, basket~2.98, elast~0.31"
U0470,0.926,3.0,0.31,1,"S1: loyalty~0.95, basket~3.00, elast~0.20"
U0471,0.934,2.99,0.28,1,"S1: loyalty~0.95, basket~3.00, elast~0.20"
U0472,0.94,2.99,-0.2,2,"S2: loyalty~0.95, basket~3.00, elast~-0.27"
U0473,0.99,3.01,0.35,1,"S1: loyalty~0.95, basket~3.00, elast~0.20"
U0474,0.953,3.0,0.38,1,"S1: loyalty~0.95, basket~3.00, elast~0.20"
U0475,0.859,2.96,0.47,0,"S0: loyalty~0.87, basket~2.97, elast~0.01"
U0476,0.847,3.01,-0.37,3,"S3: loyalty~0.92, basket~2.98, elast~-0.14"
U0477,0.963,2.99,0.54,1,"S1: loyalty~0.95, basket~3.00, elast~0.20"
U0478,0.965,2.99,-0.26,2,"S2: loyalty~0.95, basket~3.00, elast~-0.27"
U0479,0.946,2.98,0.2,4,"S4: loyalty~0.91, basket~2.98, elast~0.31"
U0480,0.932,2.99,0.18,1,"S1: loyalty~0.95, basket~3.00, elast~0.20"
U0481,0.93,3.01,0.21,1,"S1: loyalty~0.95, basket~3.00, elast~0.20"
U0482,0.902,2.99,0.01,3,"S3: loyalty~0.92, basket~2.98, elast~-0.14"
U0483,0.885,2.99,0.36,4,"S4: loyalty~0.91, basket~2.98, elast~0.31"
U0484,0.929,2.99,0.21,4,"S4: loyalty~0.91, basket~2.98, elast~0.31"
U0485,0.914,2.98,0.39,4,"S4: loyalty~0.91, basket~2.98, elast~0.31"
U0486,0.92,2.99,0.15,4,"S4: loyalty~0.91, basket~2.98, elast~0.31"
U0487,0.947,2.99,-0.18,2,"S2: loyalty~0.95, basket~3.00, elast~-0.27"
U0488,0.936,3.0,0.63,1,"S1: loyalty~0.95, basket~3.00, elast~0.20"
U0489,0.917,2.98,0.09,3,"S3: loyalty~0.92, basket~2.98, elast~-0.14"
U0490,0.896,3.0,-0.14,3,"S3: loyalty~0.92, basket~2.98, elast~-0.14"
U0491,0.942,2.99,0.0,1,"S1: loyalty~0.95, basket~3.00, elast~0.20"
U0492,0.949,2.99,-0.59,2,"S2: loyalty~0.95, basket~3.00, elast~-0.27"
U0493,0.99,3.01,0.07,1,"S1: loyalty~0.95, basket~3.00, elast~0.20"
U0494,0.922,2.98,-0.08,3,"S3: loyalty~0.92, basket~2.98, elast~-0.14"
U0495,0.964,3.0,0.2,1,"S1: loyalty~0.95, basket~3.00, elast~0.20"
U0496,0.956,3.01,0.07,1,"S1: loyalty~0.95, basket~3.00, elast~0.20"
U0497,0.949,2.99,-0.12,2,"S2: loyalty~0.95, basket~3.00, elast~-0.27"
U0498,0.912,2.98,-0.3,3,"S3: loyalty~0.92, basket~2.98, elast~-0.14"
U0499,0.964,3.0,1.0,1,"S1: loyalty~0.95, basket~3.00, elast~0.20"
U0500,0.927,2.99,-0.35,2,"S2: loyalty~0.95, basket~3.00, elast~-0.27"
U0501,0.893,2.98,-0.2,3,"S3: loyalty~0.92, basket~2.98, elast~-0.14"
U0502,0.893,2.99,0.33,4,"S4: loyalty~0.91, basket~2.98, elast~0.31"
U0503,0.925,2.98,0.04,3,"S3: loyalty~0.92, basket~2.98, elast~-0.14"
U0504,0.945,2.98,-0.36,3,"S3: loyalty~0.92, basket~2.98, elast~-0.14"
U0505,0.952,2.95,0.31,4,"S4: loyalty~0.91, basket~2.98, elast~0.31"
U0506,0.943,2.98,-0.32,3,"S3: loyalty~0.92, basket~2.98, elast~-0.14"
U0507,0.936,2.99,0.11,1,"S1: loyalty~0.95, basket~3.00, elast~0.20"
U0508,0.977,2.99,0.01,1,"S1: loyalty~0.95, basket~3.00, elast~0.20"
U0509,0.904,2.99,0.31,4,"S4: loyalty~0.91, basket~2.98, elast~0.31"
U0510,0.928,3.0,-0.04,2,"S2: loyalty~0.95, basket~3.00, elast~-0.27"
U0511,0.911,2.99,0.03,3,"S3: loyalty~0.92, basket~2.98, elast~-0.14"
U0512,0.88,2.98,0.01,0,"S0: loyalty~0.87, basket~2.97, elast~0.01"
U0513,0.948,2.98,0.14,4,"S4: loyalty~0.91, basket~2.98, elast~0.31"
U0514,0.902,3.0,-0.11,3,"S3: loyalty~0.92, basket~2.98, elast~-0.14"
U0515,0.934,3.0,0.08,1,"S1: loyalty~0.95, basket~3.00, elast~0.20"
U0516,0.906,2.99,-0.43,3,"S3: loyalty~0.92, basket~2.98, elast~-0.14"
U0517,0.915,2.99,-0.64,2,"S2: loyalty~0.95, basket~3.00, elast~-0.27"
U0518,0.888,2.99,-0.06,3,"S3: loyalty~0.92, basket~2.98, elast~-0.14"
U0519,0.857,2.97,-0.03,0,"S0: loyalty~0.87, basket~2.97, elast~0.01"
U0520,0.966,3.01,0.33,1,"S1: loyalty~0.95, basket~3.00, elast~0.20"
U0521,0.99,3.01,-0.32,2,"S2: loyalty~0.95, basket~3.00, elast~-0.27"
U0522,0.918,2.99,0.25,4,"S4: loyalty~0.91, basket~2.98, elast~0.31"
U0523,0.814,2.96,0.13,0,"S0: loyalty~0.87, basket~2.97, elast~0.01"
U0524,0.923,3.0,0.02,1,"S1: loyalty~0.95, basket~3.00, elast~0.20"
U0525,0.957,2.98,-0.0,3,"S3: loyalty~0.92, basket~2.98, elast~-0.14"
U0526,0.959,3.01,-0.29,2,"S2: loyalty~0.95, basket~3.00, elast~-0.27"
U0527,0.934,2.98,0.05,3,"S3: loyalty~0.92, basket~2.98, elast~-0.14"
U0528,0.881,2.99,0.16,4,"S4: loyalty~0.91, basket~2.98, elast~0.31"
U0529,0.933,2.99,-0.21,2,"S2: loyalty~0.95, basket~3.00, elast~-0.27"
U0530,0.846,3.0,0.55,4,"S4: loyalty~0.91, basket~2.98, elast~0.31"
U0531,0.968,3.0,0.16,1,"S1: loyalty~0.95, basket~3.00, elast~0.20"
U0532,0.932,2.99,-0.15,3,"S3: loyalty~0.92, basket~2.98, elast~-0.14"
U0533,0.922,2.99,-0.07,3,"S3: loyalty~0.92, basket~2.98, elast~-0.14"
U0534,0.903,2.98,-0.2,3,"S3: loyalty~0.92, basket~2.98, elast~-0.14"
U0535,0.917,2.99,-0.09,3,"S3: loyalty~0.92, basket~2.98, elast~-0.14"
U0536,0.947,2.99,-0.11,3,"S3: loyalty~0.92, basket~2.98, elast~-0.14"
U0537,0.845,2.99,-0.13,0,"S0: loyalty~0.87, basket~2.97, elast~0.01"
U0538,0.923,2.97,0.51,4,"S4: loyalty~0.91, basket~2.98, elast~0.31"
U0539,0.877,2.97,-0.02,0,"S0: loyalty~0.87, basket~2.97, elast~0.01"
U0540,0.935,2.98,0.61,4,"S4: loyalty~0.91, basket~2.98, elast~0.31"
U0541,0.9,2.98,-0.17,3,"S3: loyalty~0.92, basket~2.98, elast~-0.14"
U0542,0.963,3.0,-0.47,2,"S2: loyalty~0.95, basket~3.00, elast~-0.27"
U0543,0.849,2.98,0.56,0,"S0: loyalty~0.87, basket~2.97, elast~0.01"
U0544,0.94,3.0,0.08,1,"S1: loyalty~0.95, basket~3.00, elast~0.20"
U0545,0.886,2.99,0.38,4,"S4: loyalty~0.91, basket~2.98, elast~0.31"
U0546,0.945,2.98,0.08,3,"S3: loyalty~0.92, basket~2.98, elast~-0.14"
U0547,0.946,3.0,-0.11,2,"S2: loyalty~0.95, basket~3.00, elast~-0.27"
U0548,0.99,3.01,0.36,1,"S1: loyalty~0.95, basket~3.00, elast~0.20"
U0549,0.909,3.0,-0.05,3,"S3: loyalty~0.92, basket~2.98, elast~-0.14"
U0550,0.844,2.97,-0.07,0,"S0: loyalty~0.87, basket~2.97, elast~0.01"
U0551,0.936,3.01,-0.02,1,"S1: loyalty~0.95, basket~3.00, elast~0.20"
U0552,0.959,2.99,0.06,1,"S1: loyalty~0.95, basket~3.00, elast~0.20"
U0553,0.9,2.99,-0.65,2,"S2: loyalty~0.95, basket~3.00, elast~-0.27"
U0554,0.84,2.98,0.06,0,"S0: loyalty~0.87, basket~2.97, elast~0.01"
U0555,0.935,3.01,-0.02,1,"S1: loyalty~0.95, basket~3.00, elast~0.20"
U0556,0.988,2.99,0.68,1,"S1: loyalty~0.95, basket~3.00, elast~0.20"
U0557,0.887,2.97,-0.18,0,"S0: loyalty~0.87, basket~2.97, elast~0.01"
U0558,0.891,2.98,0.48,4,"S4: loyalty~0.91, basket~2.98, elast~0.31"
U0559,0.944,3.0,0.56,1,"S1: loyalty~0.95, basket~3.00, elast~0.20"
U0560,0.989,3.01,-0.15,2,"S2: loyalty~0.95, basket~3.00, elast~-0.27"
U0561,0.927,3.0,0.28,1,"S1: loyalty~0.95, basket~3.00, elast~0.20"
U0562,0.934,2.98,0.18,4,"S4: loyalty~0.91, basket~2.98, elast~0.31"
U0563,0.908,3.0,-0.13,3,"S3: loyalty~0.92, basket~2.98, elast~-0.14"
U0564,0.942,3.0,-0.39,2,"S2: loyalty~0.95, basket~3.00, elast~-0.27"
U0565,0.918,3.0,-0.13,2,"S2: loyalty~0.95, basket~3.00, elast~-0.27"
U0566,0.901,2.99,0.34,4,"S4: loyalty~0.91, basket~2.98, elast~0.31"
U0567,0.933,2.98,0.21,4,"S4: loyalty~0.91, basket~2.98, elast~0.31"
U0568,0.902,2.98,0.53,4,"S4: loyalty~0.91, basket~2.98, elast~0.31"
U0569,0.882,2.99,0.14,4,"S4: loyalty~0.91, basket~2.98, elast~0.31"
U0570,0.933,2.98,-0.03,3,"S3: loyalty~0.92, basket~2.98, elast~-0.14"
U0571,0.885,3.0,0.31,4,"S4: loyalty~0.91, basket~2.98, elast~0.31"
U0572,0.934,2.99,-0.24,2,"S2: loyalty~0.95, basket~3.00, elast~-0.27"
U0573,0.905,2.99,-0.02,3,"S3: loyalty~0.92, basket~2.98, elast~-0.14"
U0574,0.843,2.98,0.31,0,"S0: loyalty~0.87, basket~2.97, elast~0.01"
U0575,0.908,3.0,0.15,4,"S4: loyalty~0.91, basket~2.98, elast~0.31"
U0576,0.88,2.99,-0.08,3,"S3: loyalty~0.92, basket~2.98, elast~-0.14"
U0577,0.939,3.0,0.28,1,"S1: loyalty~0.95, basket~3.00, elast~0.20"
U0578,0.9,2.99,-0.32,3,"S3: loyalty~0.92, basket~2.98, elast~-0.14"
U0579,0.934,3.01,-0.1,2,"S2: loyalty~0.95, basket~3.00, elast~-0.27"
U0580,0.928,2.99,0.04,3,"S3: loyalty~0.92, basket~2.98, elast~-0.14"
U0581,0.927,2.97,-0.3,3,"S3: loyalty~0.92, basket~2.98, elast~-0.14"
U0582,0.946,2.99,-0.12,2,"S2: loyalty~0.95, basket~3.00, elast~-0.27"
U0583,0.856,2.97,-0.01,0,"S0: loyalty~0.87, basket~2.97, elast~0.01"
U0584,0.935,3.01,-0.02,1,"S1: loyalty~0.95, basket~3.00, elast~0.20"
U0585,0.944,2.99,0.15,4,"S4: loyalty~0.91, basket~2.98, elast~0.31"
U0586,0.944,2.99,-0.47,2,"S2: loyalty~0.95, basket~3.00, elast~-0.27"
U0587,0.964,3.01,-0.11,2,"S2: loyalty~0.95, basket~3.00, elast~-0.27"
U0588,0.856,3.0,0.65,4,"S4: loyalty~0.91, basket~2.98, elast~0.31"
U0589,0.924,3.0,0.3,1,"S1: loyalty~0.95, basket~3.00, elast~0.20"
U0590,0.895,3.0,0.07,1,"S1: loyalty~0.95, basket~3.00, elast~0.20"
U0591,0.929,2.98,0.07,3,"S3: loyalty~0.92, basket~2.98, elast~-0.14"
U0592,0.912,2.99,-0.23,3,"S3: loyalty~0.92, basket~2.98, elast~-0.14"
U0593,0.989,3.01,-0.32,2,"S2: loyalty~0.95, basket~3.00, elast~-0.27"
U0594,0.907,2.98,0.02,3,"S3: loyalty~0.92, basket~2.98, elast~-0.14"
U0595,0.938,3.0,0.26,1,"S1: loyalty~0.95, basket~3.00, elast~0.20"
U0596,0.906,2.99,-0.24,3,"S3: loyalty~0.92, basket~2.98, elast~-0.14"
U0597,0.96,2.99,0.23,1,"S1: loyalty~0.95, basket~3.00, elast~0.20"
U0598,0.907,2.98,0.2,4,"S4: loyalty~0.91, basket~2.98, elast~0.31"
U0599,0.989,3.01,-0.16,2,"S2: loyalty~0.95, basket~3.00, elast~-0.27"
U0600,0.89,2.98,-0.4,3,"S3: loyalty~0.92, basket~2.98, elast~-0.14"
U0601,0.913,2.98,0.28,4,"S4: loyalty~0.91, basket~2.98, elast~0.31"
U0602,0.863,2.98,0.25,0,"S0: loyalty~0.87, basket~2.97, elast~0.01"
U0603,0.921,2.99,0.17,4,"S4: loyalty~0.91, basket~2.98, elast~0.31"
U0604,0.939,2.99,0.04,3,"S3: loyalty~0.92, basket~2.98, elast~-0.14"
U0605,0.932,2.98,-0.43,3,"S3: loyalty~0.92, basket~2.98, elast~-0.14"
U0606,0.944,2.97,0.04,3,"S3: loyalty~0.92, basket~2.98, elast~-0.14"
U0607,0.927,2.99,0.1,4,"S4: loyalty~0.91, basket~2.98, elast~0.31"
U0608,0.865,2.98,-0.17,0,"S0: loyalty~0.87, basket~2.97, elast~0.01"
U0609,0.955,2.99,0.27,1,"S1: loyalty~0.95, basket~3.00, elast~0.20"
U0610,0.952,2.99,0.13,1,"S1: loyalty~0.95, basket~3.00, elast~0.20"
U0611,0.919,2.98,-0.02,3,"S3: loyalty~0.92, basket~2.98, elast~-0.14"
U0612,0.883,2.98,0.06,0,"S0: loyalty~0.87, basket~2.97, elast~0.01"
U0613,0.958,2.99,-0.3,2,"S2: loyalty~0.95, basket~3.00, elast~-0.27"
U0614,0.958,3.01,0.22,1,"S1: loyalty~0.95, basket~3.00, elast~0.20"
U0615,0.948,2.97,0.04,3,"S3: loyalty~0.92, basket~2.98, elast~-0.14"
U0616,0.804,2.97,0.15,0,"S0: loyalty~0.87, basket~2.97, elast~0.01"
U0617,0.89,2.98,0.3,4,"S4: loyalty~0.91, basket~2.98, elast~0.31"
U0618,0.955,2.99,0.02,3,"S3: loyalty~0.92, basket~2.98, elast~-0.14"
U0619,0.893,2.98,-0.02,3,"S3: loyalty~0.92, basket~2.98, elast~-0.14"
U0620,0.867,2.98,0.14,0,"S0: loyalty~0.87, basket~2.97, elast~0.01"
U0621,0.989,3.01,0.76,1,"S1: loyalty~0.95, basket~3.00, elast~0.20"
U0622,0.891,2.99,-0.24,3,"S3: loyalty~0.92, basket~2.98, elast~-0.14"
U0623,0.942,3.0,-0.58,2,"S2: loyalty~0.95, basket~3.00, elast~-0.27"
U0624,0.927,3.01,-0.18,2,"S2: loyalty~0.95, basket~3.00, elast~-0.27"
U0625,0.905,3.0,-0.24,3,"S3: loyalty~0.92, basket~2.98, elast~-0.14"
U0626,0.88,3.0,-0.47,3,"S3: loyalty~0.92, basket~2.98, elast~-0.14"
U0627,0.918,2.99,0.19,4,"S4: loyalty~0.91, basket~2.98, elast~0.31"
U0628,0.925,2.98,-0.02,3,"S3: loyalty~0.92, basket~2.98, elast~-0.14"
U0629,0.935,2.99,-0.33,3,"S3: loyalty~0.92, basket~2.98, elast~-0.14"
U0630,0.99,3.0,0.04,1,"S1: loyalty~0.95, basket~3.00, elast~0.20"
U0631,0.91,2.98,0.28,4,"S4: loyalty~0.91, basket~2.98, elast~0.31"
U0632,0.908,2.98,-0.27,3,"S3: loyalty~0.92, basket~2.98, elast~-0.14"
U0633,0.934,2.98,-0.39,3,"S3: loyalty~0.92, basket~2.98, elast~-0.14"
U0634,0.89,2.99,-0.19,3,"S3: loyalty~0.92, basket~2.98, elast~-0.14"
U0635,0.884,2.98,0.02,0,"S0: loyalty~0.87, basket~2.97, elast~0.01"
U0636,0.901,2.99,-0.52,3,"S3: loyalty~0.92, basket~2.98, elast~-0.14"
U0637,0.897,2.97,0.13,0,"S0: loyalty~0.87, basket~2.97, elast~0.01"
U0638,0.976,2.99,0.21,1,"S1: loyalty~0.95, basket~3.00, elast~0.20"
U0639,0.96,3.0,-0.41,2,"S2: loyalty~0.95, basket~3.00, elast~-0.27"
U0640,0.923,2.98,-0.11,3,"S3: loyalty~0.92, basket~2.98, elast~-0.14"
U0641,0.943,2.99,0.86,4,"S4: loyalty~0.91, basket~2.98, elast~0.31"
U0642,0.882,2.98,-0.23,0,"S0: loyalty~0.87, basket~2.97, elast~0.01"
U0643,0.909,2.98,0.41,4,"S4: loyalty~0.91, basket~2.98, elast~0.31"
U0644,0.959,2.99,-0.22,2,"S2: loyalty~0.95, basket~3.00, elast~-0.27"
U0645,0.912,2.99,-0.21,3,"S3: loyalty~0.92, basket~2.98, elast~-0.14"
U0646,0.872,2.97,-0.06,0,"S0: loyalty~0.87, basket~2.97, elast~0.01"
U0647,0.956,2.99,-0.2,2,"S2: loyalty~0.95, basket~3.00, elast~-0.27"
U0648,0.914,3.0,-0.36,2,"S2: loyalty~0.95, basket~3.00, elast~-0.27"
U0649,0.933,2.99,-0.24,2,"S2: loyalty~0.95, basket~3.00, elast~-0.27"
U0650,0.916,2.99,0.05,3,"S3: loyalty~0.92, basket~2.98, elast~-0.14"
U0651,0.933,3.0,0.22,1,"S1: loyalty~0.95, basket~3.00, elast~0.20"
U0652,0.968,3.0,-0.16,2,"S2: loyalty~0.95, basket~3.00, elast~-0.27"
U0653,0.931,3.0,0.12,1,"S1: loyalty~0.95, basket~3.00, elast~0.20"
U0654,0.893,2.99,0.19,4,"S4: loyalty~0.91, basket~2.98, elast~0.31"
U0655,0.943,3.01,0.11,1,"S1: loyalty~0.95, basket~3.00, elast~0.20"
U0656,0.915,2.99,0.01,3,"S3: loyalty~0.92, basket~2.98, elast~-0.14"
U0657,0.913,2.97,-0.04,3,"S3: loyalty~0.92, basket~2.98, elast~-0.14"
U0658,0.939,2.99,0.25,4,"S4: loyalty~0.91, basket~2.98, elast~0.31"
U0659,0.924,2.99,-0.3,2,"S2: loyalty~0.95, basket~3.00, elast~-0.27"
U0660,0.904,3.0,-0.13,3,"S3: loyalty~0.92, basket~2.98, elast~-0.14"
U0661,0.934,3.0,-0.08,2,"S2: loyalty~0.95, basket~3.00, elast~-0.27"
U0662,0.914,2.98,-0.72,3,"S3: loyalty~0.92, basket~2.98, elast~-0.14"
U0663,0.938,2.97,0.61,4,"S4: loyalty~0.91, basket~2.98, elast~0.31"
U0664,0.96,2.99,-0.87,2,"S2: loyalty~0.95, basket~3.00, elast~-0.27"
U0665,0.929,3.01,-0.77,2,"S2: loyalty~0.95, basket~3.00, elast~-0.27"
U0666,0.892,2.99,0.21,4,"S4: loyalty~0.91, basket~2.98, elast~0.31"
U0667,0.945,3.0,-0.05,2,"S2: loyalty~0.95, basket~3.00, elast~-0.27"
U0668,0.858,2.96,0.34,0,"S0: loyalty~0.87, basket~2.97, elast~0.01"
U0669,0.863,2.97,-0.03,0,"S0: loyalty~0.87, basket~2.97, elast~0.01"
U0670,0.989,3.0,0.19,1,"S1: loyalty~0.95, basket~3.00, elast~0.20"
U0671,0.92,2.97,0.81,4,"S4: loyalty~0.91, basket~2.98, elast~0.31"
U0672,0.906,3.0,0.21,4,"S4: loyalty~0.91, basket~2.98, elast~0.31"
U0673,0.907,2.98,0.17,4,"S4: loyalty~0.91, basket~2.98, elast~0.31"
U0674,0.822,2.99,0.1,0,"S0: loyalty~0.87, basket~2.97, elast~0.01"
U0675,0.913,2.98,0.31,4,"S4: loyalty~0.91, basket~2.98, elast~0.31"
U0676,0.952,2.99,0.11,1,"S1: loyalty~0.95, basket~3.00, elast~0.20"
U0677,0.905,3.0,0.25,4,"S4: loyalty~0.91, basket~2.98, elast~0.31"
U0678,0.988,2.99,-0.46,2,"S2: loyalty~0.95, basket~3.00, elast~-0.27"
U0679,0.902,2.97,0.14,4,"S4: loyalty~0.91, basket~2.98, elast~0.31"
U0680,0.914,3.0,-0.48,2,"S2: loyalty~0.95, basket~3.00, elast~-0.27"
U0681,0.932,3.0,0.5,1,"S1: loyalty~0.95, basket~3.00, elast~0.20"
U0682,0.917,3.01,-0.18,2,"S2: loyalty~0.95, basket~3.00, elast~-0.27"
U0683,0.895,2.99,-0.22,3,"S3: loyalty~0.92, basket~2.98, elast~-0.14"
U0684,0.909,3.0,0.19,1,"S1: loyalty~0.95, basket~3.00, elast~0.20"
U0685,0.934,2.98,0.31,4,"S4: loyalty~0.91, basket~2.98, elast~0.31"
U0686,0.943,2.99,-0.34,2,"S2: loyalty~0.95, basket~3.00, elast~-0.27"
U0687,0.975,3.01,0.37,1,"S1: loyalty~0.95, basket~3.00, elast~0.20"
U0688,0.923,2.98,-0.02,3,"S3: loyalty~0.92, basket~2.98, elast~-0.14"
U0689,0.946,2.99,-0.29,2,"S2: loyalty~0.95, basket~3.00, elast~-0.27"
U0690,0.941,2.97,0.04,3,"S3: loyalty~0.92, basket~2.98, elast~-0.14"
U0691,0.948,2.98,0.0,3,"S3: loyalty~0.92, basket~2.98, elast~-0.14"
U0692,0.933,2.99,0.36,4,"S4: loyalty~0.91, basket~2.98, elast~0.31"
U0693,0.935,2.99,-0.04,3,"S3: loyalty~0.92, basket~2.98, elast~-0.14"
U0694,0.955,3.01,0.2,1,"S1: loyalty~0.95, basket~3.00, elast~0.20"
U0695,0.923,3.01,-0.0,1,"S1: loyalty~0.95, basket~3.00, elast~0.20"
U0696,0.835,2.98,0.24,0,"S0: loyalty~0.87, basket~2.97, elast~0.01"
U0697,0.907,2.98,-0.29,3,"S3: loyalty~0.92, basket~2.98, elast~-0.14"
U0698,0.908,2.98,0.26,4,"S4: loyalty~0.91, basket~2.98, elast~0.31"
U0699,0.898,2.99,-0.38,3,"S3: loyalty~0.92, basket~2.98, elast~-0.14"
U0700,0.93,2.99,0.57,4,"S4: loyalty~0.91, basket~2.98, elast~0.31"
U0701,0.889,2.98,0.27,4,"S4: loyalty~0.91, basket~2.98, elast~0.31"
U0702,0.933,2.99,0.33,4,"S4: loyalty~0.91, basket~2.98, elast~0.31"
U0703,0.904,2.98,0.69,4,"S4: loyalty~0.91, basket~2.98, elast~0.31"
U0704,0.934,3.01,-0.12,2,"S2: loyalty~0.95, basket~3.00, elast~-0.27"
U0705,0.892,3.0,0.23,4,"S4: loyalty~0.91, basket~2.98, elast~0.31"
U0706,0.963,3.0,-0.19,2,"S2: loyalty~0.95, basket~3.00, elast~-0.27"
U0707,0.959,3.0,0.08,1,"S1: loyalty~0.95, basket~3.00, elast~0.20"
U0708,0.915,2.98,-0.56,3,"S3: loyalty~0.92, basket~2.98, elast~-0.14"
U0709,0.895,2.98,-0.12,3,"S3: loyalty~0.92, basket~2.98, elast~-0.14"
U0710,0.93,2.98,0.44,4,"S4: loyalty~0.91, basket~2.98, elast~0.31"
U0711,0.953,3.0,0.22,1,"S1: loyalty~0.95, basket~3.00, elast~0.20"
U0712,0.918,3.0,0.02,1,"S1: loyalty~0.95, basket~3.00, elast~0.20"
U0713,0.944,2.99,0.08,1,"S1: loyalty~0.95, basket~3.00, elast~0.20"
U0714,0.935,3.0,0.09,1,"S1: loyalty~0.95, basket~3.00, elast~0.20"
U0715,0.946,2.99,0.15,1,"S1: loyalty~0.95, basket~3.00, elast~0.20"
U0716,0.912,2.99,0.43,4,"S4: loyalty~0.91, basket~2.98, elast~0.31"
U0717,0.99,2.98,-0.05,2,"S2: loyalty~0.95, basket~3.00, elast~-0.27"
U0718,0.918,2.99,0.26,4,"S4: loyalty~0.91, basket~2.98, elast~0.31"
U0719,0.934,2.98,-0.26,3,"S3: loyalty~0.92, basket~2.98, elast~-0.14"
U0720,0.968,2.98,-0.0,3,"S3: loyalty~0.92, basket~2.98, elast~-0.14"
U0721,0.911,2.99,0.1,4,"S4: loyalty~0.91, basket~2.98, elast~0.31"
U0722,0.893,2.98,-0.0,3,"S3: loyalty~0.92, basket~2.98, elast~-0.14"
U0723,0.907,2.98,-0.09,3,"S3: loyalty~0.92, basket~2.98, elast~-0.14"
U0724,0.92,3.0,0.14,1,"S1: loyalty~0.95, basket~3.00, elast~0.20"
U0725,0.917,2.97,0.02,3,"S3: loyalty~0.92, basket~2.98, elast~-0.14"
U0726,0.871,2.98,0.16,0,"S0: loyalty~0.87, basket~2.97, elast~0.01"
U0727,0.894,2.95,-0.28,0,"S0: loyalty~0.87, basket~2.97, elast~0.01"
U0728,0.957,2.99,-0.43,2,"S2: loyalty~0.95, basket~3.00, elast~-0.27"
U0729,0.905,3.0,-0.16,2,"S2: loyalty~0.95, basket~3.00, elast~-0.27"
U0730,0.909,3.02,-0.28,2,"S2: loyalty~0.95, basket~3.00, elast~-0.27"
U0731,0.971,3.01,0.04,1,"S1: loyalty~0.95, basket~3.00, elast~0.20"
U0732,0.852,2.96,0.33,0,"S0: loyalty~0.87, basket~2.97, elast~0.01"
U0733,0.897,2.98,-0.46,3,"S3: loyalty~0.92, basket~2.98, elast~-0.14"
U0734,0.946,2.99,0.03,1,"S1: loyalty~0.95, basket~3.00, elast~0.20"
U0735,0.899,3.01,-0.25,2,"S2: loyalty~0.95, basket~3.00, elast~-0.27"
U0736,0.916,3.01,-0.2,2,"S2: loyalty~0.95, basket~3.00, elast~-0.27"
U0737,0.905,2.99,-0.31,3,"S3: loyalty~0.92, basket~2.98, elast~-0.14"
U0738,0.913,2.99,0.35,4,"S4: loyalty~0.91, basket~2.98, elast~0.31"
U0739,0.925,2.99,-0.3,2,"S2: loyalty~0.95, basket~3.00, elast~-0.27"
U0740,0.847,2.97,-0.22,0,"S0: loyalty~0.87, basket~2.97, elast~0.01"
U0741,0.942,2.99,0.19,4,"S4: loyalty~0.91, basket~2.98, elast~0.31"
U0742,0.94,3.0,0.12,1,"S1: loyalty~0.95, basket~3.00, elast~0.20"
U0743,0.894,2.99,-0.16,3,"S3: loyalty~0.92, basket~2.98, elast~-0.14"
U0744,0.935,3.0,0.04,1,"S1: loyalty~0.95, basket~3.00, elast~0.20"
U0745,0.955,2.99,-0.39,2,"S2: loyalty~0.95, basket~3.00, elast~-0.27"
U0746,0.926,2.96,1.0,4,"S4: loyalty~0.91, basket~2.98, elast~0.31"
U0747,0.96,3.0,0.21,1,"S1: loyalty~0.95, basket~3.00, elast~0.20"
U0748,0.943,2.98,-0.38,3,"S3: loyalty~0.92, basket~2.98, elast~-0.14"
U0749,0.944,2.99,-0.13,3,"S3: loyalty~0.92, basket~2.98, elast~-0.14"
U0750,0.928,2.96,-0.01,3,"S3: loyalty~0.92, basket~2.98, elast~-0.14"
U0751,0.917,3.0,0.15,1,"S1: loyalty~0.95, basket~3.00, elast~0.20"
U0752,0.89,3.0,0.23,4,"S4: loyalty~0.91, basket~2.98, elast~0.31"
U0753,0.955,2.98,-0.26,3,"S3: loyalty~0.92, basket~2.98, elast~-0.14"
U0754,0.901,2.98,-0.33,3,"S3: loyalty~0.92, basket~2.98, elast~-0.14"
U0755,0.968,2.99,0.13,1,"S1: loyalty~0.95, basket~3.00, elast~0.20"
U0756,0.907,2.99,0.16,4,"S4: loyalty~0.91, basket~2.98, elast~0.31"
U0757,0.93,2.98,0.02,3,"S3: loyalty~0.92, basket~2.98, elast~-0.14"
U0758,0.9,2.97,-0.2,0,"S0: loyalty~0.87, basket~2.97, elast~0.01"
U0759,0.895,2.98,-0.38,3,"S3: loyalty~0.92, basket~2.98, elast~-0.14"
U0760,0.952,3.01,-0.18,2,"S2: loyalty~0.95, basket~3.00, elast~-0.27"
U0761,0.899,2.99,0.16,4,"S4: loyalty~0.91, basket~2.98, elast~0.31"
U0762,0.862,2.98,-0.29,0,"S0: loyalty~0.87, basket~2.97, elast~0.01"
U0763,0.953,2.98,-0.16,3,"S3: loyalty~0.92, basket~2.98, elast~-0.14"
U0764,0.958,3.0,0.26,1,"S1: loyalty~0.95, basket~3.00, elast~0.20"
U0765,0.906,2.99,0.08,4,"S4: loyalty~0.91, basket~2.98, elast~0.31"
U0766,0.942,3.0,0.47,1,"S1: loyalty~0.95, basket~3.00, elast~0.20"
U0767,0.989,2.99,-0.76,2,"S2: loyalty~0.95, basket~3.00, elast~-0.27"
U0768,0.925,3.0,0.35,1,"S1: loyalty~0.95, basket~3.00, elast~0.20"
U0769,0.899,2.98,0.13,4,"S4: loyalty~0.91, basket~2.98, elast~0.31"
U0770,0.911,3.0,0.17,1,"S1: loyalty~0.95, basket~3.00, elast~0.20"
U0771,0.908,2.98,-0.11,3,"S3: loyalty~0.92, basket~2.98, elast~-0.14"
U0772,0.911,3.0,0.38,4,"S4: loyalty~0.91, basket~2.98, elast~0.31"
U0773,0.887,2.98,0.23,0,"S0: loyalty~0.87, basket~2.97, elast~0.01"
U0774,0.942,3.0,0.01,1,"S1: loyalty~0.95, basket~3.00, elast~0.20"
U0775,0.93,3.0,-0.39,2,"S2: loyalty~0.95, basket~3.00, elast~-0.27"
U0776,0.969,2.98,-0.23,2,"S2: loyalty~0.95, basket~3.00, elast~-0.27"
U0777,0.917,3.0,-0.11,2,"S2: loyalty~0.95, basket~3.00, elast~-0.27"
U0778,0.911,2.98,-0.14,3,"S3: loyalty~0.92, basket~2.98, elast~-0.14"
U0779,0.945,2.98,-0.0,3,"S3: loyalty~0.92, basket~2.98, elast~-0.14"
U0780,0.945,2.99,0.12,1,"S1: loyalty~0.95, basket~3.00, elast~0.20"
U0781,0.941,2.97,0.06,3,"S3: loyalty~0.92, basket~2.98, elast~-0.14"
U0782,0.971,3.0,-0.12,2,"S2: loyalty~0.95, basket~3.00, elast~-0.27"
U0783,0.844,2.97,-0.54,0,"S0: loyalty~0.87, basket~2.97, elast~0.01"
U0784,0.924,2.98,0.24,4,"S4: loyalty~0.91, basket~2.98, elast~0.31"
U0785,0.917,3.0,-0.16,2,"S2: loyalty~0.95, basket~3.00, elast~-0.27"
U0786,0.9,3.01,-0.23,2,"S2: loyalty~0.95, basket~3.00, elast~-0.27"
U0787,0.897,2.97,-0.1,0,"S0: loyalty~0.87, basket~2.97, elast~0.01"
U0788,0.938,2.98,0.03,3,"S3: loyalty~0.92, basket~2.98, elast~-0.14"
U0789,0.925,3.01,0.83,1,"S1: loyalty~0.95, basket~3.00, elast~0.20"
U0790,0.919,2.98,0.03,3,"S3: loyalty~0.92, basket~2.98, elast~-0.14"
U0791,0.964,2.99,0.58,1,"S1: loyalty~0.95, basket~3.00, elast~0.20"
U0792,0.941,2.99,0.27,4,"S4: loyalty~0.91, basket~2.98, elast~0.31"
U0793,0.952,3.01,-0.17,2,"S2: loyalty~0.95, basket~3.00, elast~-0.27"
U0794,0.898,2.99,0.01,3,"S3: loyalty~0.92, basket~2.98, elast~-0.14"
U0795,0.922,2.96,0.03,0,"S0: loyalty~0.87, basket~2.97, elast~0.01"
U0796,0.89,3.0,0.16,4,"S4: loyalty~0.91, basket~2.98, elast~0.31"
U0797,0.991,3.0,-0.36,2,"S2: loyalty~0.95, basket~3.00, elast~-0.27"
U0798,0.9,2.99,0.13,4,"S4: loyalty~0.91, basket~2.98, elast~0.31"
U0799,0.977,2.99,0.03,1,"S1: loyalty~0.95, basket~3.00, elast~0.20"
U0800,0.961,3.0,0.1,1,"S1: loyalty~0.95, basket~3.00, elast~0.20"
U0801,0.898,2.98,0.01,3,"S3: loyalty~0.92, basket~2.98, elast~-0.14"
U0802,0.893,2.99,-0.43,3,"S3: loyalty~0.92, basket~2.98, elast~-0.14"
U0803,0.929,2.98,0.48,4,"S4: loyalty~0.91, basket~2.98, elast~0.31"
U0804,0.908,2.99,-0.53,3,"S3: loyalty~0.92, basket~2.98, elast~-0.14"
U0805,0.867,2.98,-0.01,0,"S0: loyalty~0.87, basket~2.97, elast~0.01"
U0806,0.896,2.98,0.22,4,"S4: loyalty~0.91, basket~2.98, elast~0.31"
U0807,0.919,2.99,-0.1,3,"S3: loyalty~0.92, basket~2.98, elast~-0.14"
U0808,0.946,2.99,-0.19,2,"S2: loyalty~0.95, basket~3.00, elast~-0.27"
U0809,0.93,2.97,-0.09,3,"S3: loyalty~0.92, basket~2.98, elast~-0.14"
U0810,0.914,2.99,0.06,3,"S3: loyalty~0.92, basket~2.98, elast~-0.14"
U0811,0.939,3.01,0.01,1,"S1: loyalty~0.95, basket~3.00, elast~0.20"
U0812,0.948,2.98,0.19,4,"S4: loyalty~0.91, basket~2.98, elast~0.31"
U0813,0.922,3.0,-0.31,2,"S2: loyalty~0.95, basket~3.00, elast~-0.27"
U0814,0.933,3.01,-0.23,2,"S2: loyalty~0.95, basket~3.00, elast~-0.27"
U0815,0.956,3.0,0.28,1,"S1: loyalty~0.95, basket~3.00, elast~0.20"
U0816,0.952,2.99,0.07,1,"S1: loyalty~0.95, basket~3.00, elast~0.20"
U0817,0.944,2.99,0.24,1,"S1: loyalty~0.95, basket~3.00, elast~0.20"
U0818,0.932,2.99,-0.01,3,"S3: loyalty~0.92, basket~2.98, elast~-0.14"
U0819,0.914,2.97,-0.44,3,"S3: loyalty~0.92, basket~2.98, elast~-0.14"
U0820,0.923,3.01,0.34,1,"S1: loyalty~0.95, basket~3.00, elast~0.20"
U0821,0.945,2.98,0.27,4,"S4: loyalty~0.91, basket~2.98, elast~0.31"
U0822,0.923,2.98,0.07,3,"S3: loyalty~0.92, basket~2.98, elast~-0.14"
U0823,0.866,2.98,0.54,4,"S4: loyalty~0.91, basket~2.98, elast~0.31"
U0824,0.936,2.97,-0.24,3,"S3: loyalty~0.92, basket~2.98, elast~-0.14"
U0825,0.972,3.0,0.34,1,"S1: loyalty~0.95, basket~3.00, elast~0.20"
U0826,0.895,2.98,0.3,4,"S4: loyalty~0.91, basket~2.98, elast~0.31"
U0827,0.881,2.97,-0.08,0,"S0: loyalty~0.87, basket~2.97, elast~0.01"
U0828,0.936,2.98,0.22,4,"S4: loyalty~0.91, basket~2.98, elast~0.31"
U0829,0.882,2.99,0.2,4,"S4: loyalty~0.91, basket~2.98, elast~0.31"
U0830,0.877,2.99,-0.91,3,"S3: loyalty~0.92, basket~2.98, elast~-0.14"
U0831,0.919,2.98,0.12,4,"S4: loyalty~0.91, basket~2.98, elast~0.31"
U0832,0.914,2.97,0.03,3,"S3: loyalty~0.92, basket~2.98, elast~-0.14"
U0833,0.931,2.98,-0.13,3,"S3: loyalty~0.92, basket~2.98, elast~-0.14"
U0834,0.945,2.99,-0.36,2,"S2: loyalty~0.95, basket~3.00, elast~-0.27"
U0835,0.912,3.0,-0.25,2,"S2: loyalty~0.95, basket~3.00, elast~-0.27"
U0836,0.896,2.99,0.2,4,"S4: loyalty~0.91, basket~2.98, elast~0.31"
U0837,0.934,3.0,-0.12,2,"S2: loyalty~0.95, basket~3.00, elast~-0.27"
U0838,0.92,3.0,-0.28,2,"S2: loyalty~0.95, basket~3.00, elast~-0.27"
U0839,0.921,3.01,0.51,1,"S1: loyalty~0.95, basket~3.00, elast~0.20"
U0840,0.935,3.0,-0.31,2,"S2: loyalty~0.95, basket~3.00, elast~-0.27"
U0841,0.891,2.98,-0.4,3,"S3: loyalty~0.92, basket~2.98, elast~-0.14"
U0842,0.99,3.0,0.88,1,"S1: loyalty~0.95, basket~3.00, elast~0.20"
U0843,0.904,2.98,-0.79,3,"S3: loyalty~0.92, basket~2.98, elast~-0.14"
U0844,0.899,2.99,-0.03,3,"S3: loyalty~0.92, basket~2.98, elast~-0.14"
U0845,0.901,2.98,-0.16,3,"S3: loyalty~0.92, basket~2.98, elast~-0.14"
U0846,0.958,3.0,-0.32,2,"S2: loyalty~0.95, basket~3.00, elast~-0.27"
U0847,0.915,3.0,0.13,1,"S1: loyalty~0.95, basket~3.00, elast~0.20"
U0848,0.916,2.99,-0.11,3,"S3: loyalty~0.92, basket~2.98, elast~-0.14"
U0849,0.928,3.01,0.07,1,"S1: loyalty~0.95, basket~3.00, elast~0.20"
U0850,0.947,3.01,0.16,1,"S1: loyalty~0.95, basket~3.00, elast~0.20"
U0851,0.921,3.0,-0.15,2,"S2: loyalty~0.95, basket~3.00, elast~-0.27"
U0852,0.91,3.0,-0.07,3,"S3: loyalty~0.92, basket~2.98, elast~-0.14"
U0853,0.902,2.99,0.12,4,"S4: loyalty~0.91, basket~2.98, elast~0.31"
U0854,0.91,3.01,-0.29,2,"S2: loyalty~0.95, basket~3.00, elast~-0.27"
U0855,0.919,2.99,-0.15,3,"S3: loyalty~0.92, basket~2.98, elast~-0.14"
U0856,0.961,2.98,-0.1,3,"S3: loyalty~0.92, basket~2.98, elast~-0.14"
U0857,0.935,2.99,0.09,4,"S4: loyalty~0.91, basket~2.98, elast~0.31"
U0858,0.899,3.0,0.23,4,"S4: loyalty~0.91, basket~2.98, elast~0.31"
U0859,0.881,2.98,0.07,0,"S0: loyalty~0.87, basket~2.97, elast~0.01"
U0860,0.942,2.98,0.35,4,"S4: loyalty~0.91, basket~2.98, elast~0.31"
U0861,0.913,2.98,0.1,4,"S4: loyalty~0.91, basket~2.98, elast~0.31"
U0862,0.971,3.0,-0.24,2,"S2: loyalty~0.95, basket~3.00, elast~-0.27"
U0863,0.91,2.99,0.06,3,"S3: loyalty~0.92, basket~2.98, elast~-0.14"
U0864,0.942,3.0,-0.47,2,"S2: loyalty~0.95, basket~3.00, elast~-0.27"
U0865,0.903,3.01,-0.03,1,"S1: loyalty~0.95, basket~3.00, elast~0.20"
U0866,0.85,3.0,-0.05,0,"S0: loyalty~0.87, basket~2.97, elast~0.01"
U0867,0.935,2.99,-0.24,2,"S2: loyalty~0.95, basket~3.00, elast~-0.27"
U0868,0.907,2.99,-0.27,3,"S3: loyalty~0.92, basket~2.98, elast~-0.14"
U0869,0.921,2.98,0.07,3,"S3: loyalty~0.92, basket~2.98, elast~-0.14"
U0870,0.967,2.99,-0.22,2,"S2: loyalty~0.95, basket~3.00, elast~-0.27"
U0871,0.989,3.0,0.65,1,"S1: loyalty~0.95, basket~3.00, elast~0.20"
U0872,0.878,2.97,-0.32,0,"S0: loyalty~0.87, basket~2.97, elast~0.01"
U0873,0.941,3.0,0.07,1,"S1: loyalty~0.95, basket~3.00, elast~0.20"
U0874,0.934,2.99,-0.03,3,"S3: loyalty~0.92, basket~2.98, elast~-0.14"
U0875,0.916,2.98,-0.05,3,"S3: loyalty~0.92, basket~2.98, elast~-0.14"
U0876,0.92,3.0,0.33,1,"S1: loyalty~0.95, basket~3.00, elast~0.20"
U0877,0.922,2.99,0.17,4,"S4: loyalty~0.91, basket~2.98, elast~0.31"
U0878,0.918,2.99,0.45,4,"S4: loyalty~0.91, basket~2.98, elast~0.31"
U0879,0.93,2.97,-0.35,3,"S3: loyalty~0.92, basket~2.98, elast~-0.14"
U0880,0.903,3.0,0.2,1,"S1: loyalty~0.95, basket~3.00, elast~0.20"
U0881,0.904,2.99,-0.48,3,"S3: loyalty~0.92, basket~2.98, elast~-0.14"
U0882,0.915,3.0,0.12,1,"S1: loyalty~0.95, basket~3.00, elast~0.20"
U0883,0.942,2.99,-0.41,2,"S2: loyalty~0.95, basket~3.00, elast~-0.27"
U0884,0.897,2.98,-0.05,3,"S3: loyalty~0.92, basket~2.98, elast~-0.14"
U0885,0.95,2.99,-0.38,2,"S2: loyalty~0.95, basket~3.00, elast~-0.27"
U0886,0.942,3.0,0.27,1,"S1: loyalty~0.95, basket~3.00, elast~0.20"
U0887,0.902,3.01,-0.01,1,"S1: loyalty~0.95, basket~3.00, elast~0.20"
U0888,0.922,2.98,-0.21,3,"S3: loyalty~0.92, basket~2.98, elast~-0.14"
U0889,0.895,2.98,0.24,4,"S4: loyalty~0.91, basket~2.98, elast~0.31"
U0890,0.96,3.0,0.24,1,"S1: loyalty~0.95, basket~3.00, elast~0.20"
U0891,0.89,2.97,-0.07,0,"S0: loyalty~0.87, basket~2.97, elast~0.01"
U0892,0.884,2.99,0.16,4,"S4: loyalty~0.91, basket~2.98, elast~0.31"
U0893,0.89,2.98,0.11,0,"S0: loyalty~0.87, basket~2.97, elast~0.01"
U0894,0.931,2.99,-0.15,3,"S3: loyalty~0.92, basket~2.98, elast~-0.14"
U0895,0.917,2.98,-0.03,3,"S3: loyalty~0.92, basket~2.98, elast~-0.14"
U0896,0.921,2.98,-0.25,3,"S3: loyalty~0.92, basket~2.98, elast~-0.14"
U0897,0.913,2.99,-0.28,3,"S3: loyalty~0.92, basket~2.98, elast~-0.14"
U0898,0.953,3.0,-0.45,2,"S2: loyalty~0.95, basket~3.00, elast~-0.27"
U0899,0.939,3.0,0.19,1,"S1: loyalty~0.95, basket~3.00, elast~0.20"
U0900,0.952,3.0,0.42,1,"S1: loyalty~0.95, basket~3.00, elast~0.20"
U0901,0.887,2.99,-0.07,3,"S3: loyalty~0.92, basket~2.98, elast~-0.14"
U0902,0.91,2.98,-0.2,3,"S3: loyalty~0.92, basket~2.98, elast~-0.14"
U0903,0.904,2.94,-0.22,0,"S0: loyalty~0.87, basket~2.97, elast~0.01"
U0904,0.869,2.97,-0.57,0,"S0: loyalty~0.87, basket~2.97, elast~0.01"
U0905,0.954,3.0,0.21,1,"S1: loyalty~0.95, basket~3.00, elast~0.20"
U0906,0.948,3.01,0.23,1,"S1: loyalty~0.95, basket~3.00, elast~0.20"
U0907,0.931,3.0,-0.04,2,"S2: loyalty~0.95, basket~3.00, elast~-0.27"
U0908,0.919,3.0,-0.19,2,"S2: loyalty~0.95, basket~3.00, elast~-0.27"
U0909,0.951,2.98,0.03,3,"S3: loyalty~0.92, basket~2.98, elast~-0.14"
U0910,0.881,2.97,-0.12,0,"S0: loyalty~0.87, basket~2.97, elast~0.01"
U0911,0.896,3.0,0.12,4,"S4: loyalty~0.91, basket~2.98, elast~0.31"
U0912,0.886,2.98,-0.02,0,"S0: loyalty~0.87, basket~2.97, elast~0.01"
U0913,0.897,3.01,-0.04,1,"S1: loyalty~0.95, basket~3.00, elast~0.20"
U0914,0.939,2.99,0.23,1,"S1: loyalty~0.95, basket~3.00, elast~0.20"
U0915,0.902,2.97,0.24,4,"S4: loyalty~0.91, basket~2.98, elast~0.31"
U0916,0.891,2.99,0.33,4,"S4: loyalty~0.91, basket~2.98, elast~0.31"
U0917,0.941,2.99,0.51,4,"S4: loyalty~0.91, basket~2.98, elast~0.31"
U0918,0.945,2.99,-0.16,2,"S2: loyalty~0.95, basket~3.00, elast~-0.27"
U0919,0.929,3.0,-0.17,2,"S2: loyalty~0.95, basket~3.00, elast~-0.27"
U0920,0.917,2.99,0.02,3,"S3: loyalty~0.92, basket~2.98, elast~-0.14"
U0921,0.907,2.98,0.26,4,"S4: loyalty~0.91, basket~2.98, elast~0.31"
U0922,0.974,3.01,-0.23,2,"S2: loyalty~0.95, basket~3.00, elast~-0.27"
U0923,0.955,2.99,-0.17,2,"S2: loyalty~0.95, basket~3.00, elast~-0.27"
U0924,0.932,2.99,-0.38,2,"S2: loyalty~0.95, basket~3.00, elast~-0.27"
U0925,0.908,2.98,-0.43,3,"S3: loyalty~0.92, basket~2.98, elast~-0.14"
U0926,0.924,3.0,0.35,1,"S1: loyalty~0.95, basket~3.00, elast~0.20"
U0927,0.927,2.99,-0.02,3,"S3: loyalty~0.92, basket~2.98, elast~-0.14"
U0928,0.934,3.0,-0.14,2,"S2: loyalty~0.95, basket~3.00, elast~-0.27"
U0929,0.937,2.99,0.18,4,"S4: loyalty~0.91, basket~2.98, elast~0.31"
U0930,0.93,2.97,-0.06,3,"S3: loyalty~0.92, basket~2.98, elast~-0.14"
U0931,0.868,2.97,0.27,0,"S0: loyalty~0.87, basket~2.97, elast~0.01"
U0932,0.836,2.97,-0.37,0,"S0: loyalty~0.87, basket~2.97, elast~0.01"
U0933,0.904,2.97,-0.08,0,"S0: loyalty~0.87, basket~2.97, elast~0.01"
U0934,0.976,2.99,-0.23,2,"S2: loyalty~0.95, basket~3.00, elast~-0.27"
U0935,0.924,2.99,0.01,3,"S3: loyalty~0.92, basket~2.98, elast~-0.14"
U0936,0.926,2.97,-0.05,3,"S3: loyalty~0.92, basket~2.98, elast~-0.14"
U0937,0.935,2.99,-0.5,2,"S2: loyalty~0.95, basket~3.00, elast~-0.27"
U0938,0.989,3.0,-0.19,2,"S2: loyalty~0.95, basket~3.00, elast~-0.27"
U0939,0.858,2.97,-0.04,0,"S0: loyalty~0.87, basket~2.97, elast~0.01"
U0940,0.907,2.99,0.32,4,"S4: loyalty~0.91, basket~2.98, elast~0.31"
U0941,0.91,2.97,0.06,3,"S3: loyalty~0.92, basket~2.98, elast~-0.14"
U0942,0.922,2.99,0.26,4,"S4: loyalty~0.91, basket~2.98, elast~0.31"
U0943,0.897,2.98,-0.05,3,"S3: loyalty~0.92, basket~2.98, elast~-0.14"
U0944,0.854,2.98,-0.1,0,"S0: loyalty~0.87, basket~2.97, elast~0.01"
U0945,0.93,2.98,0.11,4,"S4: loyalty~0.91, basket~2.98, elast~0.31"
U0946,0.959,3.0,0.37,1,"S1: loyalty~0.95, basket~3.00, elast~0.20"
U0947,0.889,3.01,0.03,1,"S1: loyalty~0.95, basket~3.00, elast~0.20"
U0948,0.963,3.0,-0.15,2,"S2: loyalty~0.95, basket~3.00, elast~-0.27"
U0949,0.926,2.98,0.02,3,"S3: loyalty~0.92, basket~2.98, elast~-0.14"
U0950,0.946,2.99,-0.24,2,"S2: loyalty~0.95, basket~3.00, elast~-0.27"
U0951,0.926,2.98,-0.08,3,"S3: loyalty~0.92, basket~2.98, elast~-0.14"
U0952,0.956,2.98,0.01,3,"S3: loyalty~0.92, basket~2.98, elast~-0.14"
U0953,0.925,2.99,0.26,4,"S4: loyalty~0.91, basket~2.98, elast~0.31"
U0954,0.961,2.99,-0.46,2,"S2: loyalty~0.95, basket~3.00, elast~-0.27"
U0955,0.925,2.99,-0.07,3,"S3: loyalty~0.92, basket~2.98, elast~-0.14"
U0956,0.959,3.0,-0.23,2,"S2: loyalty~0.95, basket~3.00, elast~-0.27"
U0957,0.911,2.98,-0.4,3,"S3: loyalty~0.92, basket~2.98, elast~-0.14"
U0958,0.905,2.98,-0.22,3,"S3: loyalty~0.92, basket~2.98, elast~-0.14"
U0959,0.947,3.01,-0.25,2,"S2: loyalty~0.95, basket~3.00, elast~-0.27"
U0960,0.928,2.97,-0.2,3,"S3: loyalty~0.92, basket~2.98, elast~-0.14"
U0961,0.945,2.99,0.02,1,"S1: loyalty~0.95, basket~3.00, elast~0.20"
U0962,0.956,3.0,-0.46,2,"S2: loyalty~0.95, basket~3.00, elast~-0.27"
U0963,0.921,2.99,0.4,4,"S4: loyalty~0.91, basket~2.98, elast~0.31"
U0964,0.919,2.98,-0.04,3,"S3: loyalty~0.92, basket~2.98, elast~-0.14"
U0965,0.97,3.01,-0.35,2,"S2: loyalty~0.95, basket~3.00, elast~-0.27"
U0966,0.951,2.99,0.08,1,"S1: loyalty~0.95, basket~3.00, elast~0.20"
U0967,0.926,3.0,0.11,1,"S1: loyalty~0.95, basket~3.00, elast~0.20"
U0968,0.887,2.97,-0.14,0,"S0: loyalty~0.87, basket~2.97, elast~0.01"
U0969,0.989,3.0,0.27,1,"S1: loyalty~0.95, basket~3.00, elast~0.20"
U0970,0.943,2.97,-0.11,3,"S3: loyalty~0.92, basket~2.98, elast~-0.14"
U0971,0.928,2.95,-0.07,3,"S3: loyalty~0.92, basket~2.98, elast~-0.14"
U0972,0.856,2.99,-0.01,0,"S0: loyalty~0.87, basket~2.97, elast~0.01"
U0973,0.988,3.02,-0.81,2,"S2: loyalty~0.95, basket~3.00, elast~-0.27"
U0974,0.914,2.98,0.2,4,"S4: loyalty~0.91, basket~2.98, elast~0.31"
U0975,0.957,2.99,-0.05,2,"S2: loyalty~0.95, basket~3.00, elast~-0.27"
U0976,0.933,2.98,0.25,4,"S4: loyalty~0.91, basket~2.98, elast~0.31"
U0977,0.932,3.01,-0.35,2,"S2: loyalty~0.95, basket~3.00, elast~-0.27"
U0978,0.861,3.0,-0.03,0,"S0: loyalty~0.87, basket~2.97, elast~0.01"
U0979,0.89,2.98,-0.38,3,"S3: loyalty~0.92, basket~2.98, elast~-0.14"
U0980,0.915,2.99,-0.13,3,"S3: loyalty~0.92, basket~2.98, elast~-0.14"
U0981,0.941,3.0,0.15,1,"S1: loyalty~0.95, basket~3.00, elast~0.20"
U0982,0.941,2.98,0.54,4,"S4: loyalty~0.91, basket~2.98, elast~0.31"
U0983,0.881,2.99,-0.18,3,"S3: loyalty~0.92, basket~2.98, elast~-0.14"
U0984,0.946,3.0,0.14,1,"S1: loyalty~0.95, basket~3.00, elast~0.20"
U0985,0.942,3.0,-0.25,2,"S2: loyalty~0.95, basket~3.00, elast~-0.27"
U0986,0.913,2.98,-0.23,3,"S3: loyalty~0.92, basket~2.98, elast~-0.14"
U0987,0.881,2.97,0.02,0,"S0: loyalty~0.87, basket~2.97, elast~0.01"
U0988,0.955,3.0,0.2,1,"S1: loyalty~0.95, basket~3.00, elast~0.20"
U0989,0.877,2.98,-0.02,0,"S0: loyalty~0.87, basket~2.97, elast~0.01"
U0990,0.911,2.98,-0.18,3,"S3: loyalty~0.92, basket~2.98, elast~-0.14"
U0991,0.941,3.0,-0.09,2,"S2: loyalty~0.95, basket~3.00, elast~-0.27"
U0992,0.925,3.0,0.4,1,"S1: loyalty~0.95, basket~3.00, elast~0.20"
U0993,0.953,3.01,0.13,1,"S1: loyalty~0.95, basket~3.00, elast~0.20"
U0994,0.896,2.97,-0.18,0,"S0: loyalty~0.87, basket~2.97, elast~0.01"
U0995,0.887,2.98,-0.1,3,"S3: loyalty~0.92, basket~2.98, elast~-0.14"
U0996,0.922,2.99,-0.62,2,"S2: loyalty~0.95, basket~3.00, elast~-0.27"
U0997,0.854,2.99,-0.04,0,"S0: loyalty~0.87, basket~2.97, elast~0.01"
U0998,0.955,2.98,0.49,4,"S4: loyalty~0.91, basket~2.98, elast~0.31"
U0999,0.913,2.98,-0.14,3,"S3: loyalty~0.92, basket~2.98, elast~-0.14"
U1000,0.926,3.0,-0.2,2,"S2: loyalty~0.95, basket~3.00, elast~-0.27"
